Timestamp,Your JWA name,Alliance,1st choice,2nd choice,3rd choice
11/16/2019 22:15:49,Velociraptor,trykosaurusCarnage,Brachi,Erlik,Anky
11/18/2019 18:30:23,Practicekat,ApexPredators,Allo g2 (epic),Carbo (turtle),Nasuto
11/19/2019 9:51:40,Scottemc,trykosaurusCarnage,Carbo (turtle),Anky,Kentro
11/19/2019 9:52:07,Ornitholestes,trykosaurusCarnage,Diplod,Blue,Allo g2 (epic)
11/19/2019 9:54:02,Mmcat1,trykosaurusCarnage,Grypo,Erlik g2 (rare),Anky
11/19/2019 9:56:21,Raspo42,trykosaurusCarnage,Argentino,Argentino,
11/19/2019 9:58:44,Professaurus,trykosaurusCarnage,Blue,Brachi,Diplod
11/19/2019 10:06:12,Sonofagun ,trykosaurusCarnage,Carbo (turtle),Carbo (turtle),Carbo (turtle)
11/19/2019 10:08:00,Formannj,trykosaurusCarnage,Brachi,Blue,Grypo
11/19/2019 10:10:12,Angel16 ,ApexPredators,Blue,Blue,
11/19/2019 10:21:09,Piranha,trykosaurusCarnage,Carbo (turtle),Bary g2 (rare),
11/19/2019 11:15:31,NC0gnit0,trykosaurusCarnage,TRex,Anky,Kentro
11/19/2019 11:35:27,enrybkram,trykosaurusCarnage,TRex,Argentino,Nasuto
11/19/2019 11:43:23,Nightfall,trykosaurusCarnage,Brachi,Pyro,Irri
11/19/2019 11:56:31,Celticdragon ,trykosaurusCarnage,Secodonto,Brachi,Secodonto
11/19/2019 12:04:40,Mailwoman,T Wreckz,Brachi,Anky,Irri
11/19/2019 12:05:17,Mariotijn,T Wreckz,Kentro,TRex,Anky
11/19/2019 12:07:25,TheShrimps,T Wreckz,Dime,Diplod,Smilo
11/19/2019 12:07:50,Marikadogsaver ,T Wreckz,Nasuto,Erlik (epic),Irri
11/19/2019 12:15:13,Jordan19917,T Wreckz,Erlik g2 (rare),Kentro,Carbo (turtle)
11/19/2019 12:21:53,Practicekatis#1,ApexPredators,Allo g2 (epic),Carbo (turtle),Nasuto
11/19/2019 12:23:12,CokieTheClown,ApexPredators,Grypo,Brachi,Erlik (epic)
11/19/2019 12:23:30,werdnA8789,The Land Down Under,Dime,Anky,Bary g2 (rare)
11/19/2019 12:24:44,Dinotris,The Land Down Under,TRex,Anky,Erlik (epic)
11/19/2019 12:25:26,Katt1805,The Land Down Under,Dime,Argentino,Brachi
11/19/2019 12:26:18,DaisyRex,The Land Down Under,Dime,Irri,TRex
11/19/2019 12:26:50,Artaios07 ,T Wreckz,Carbo (turtle),Pachy,
11/19/2019 12:27:39,EmmaPache2,The Land Down Under,Dime,Dime,
11/19/2019 12:29:04,Scubasteve ,The Land Down Under,Dime,Tuo,Argentino
11/19/2019 12:33:19,Freaksuresh123 ,T Wreckz,Kentro,Anky,TRex
11/19/2019 12:44:32,Teawrecks aka getboostout aka cheers,ApexPredators,Blue,Diplod,Carbo (turtle)
11/19/2019 12:45:21,Jensatheman,The Land Down Under,Sino,TRex,Brachi
11/19/2019 12:46:25,Ivy,T Wreckz,Blue,Echo,Carbo (turtle)
11/19/2019 12:50:22,Pablo55,The Land Down Under,TRex,Irri,Erlik (epic)
11/19/2019 12:56:24,Jannie105,The Land Down Under,Wuerho,Carbo (turtle),Spino g2 (epic)
11/19/2019 13:01:40,Legomin1314,ApexPredators,Diplod,Carbo (turtle),Maia
11/19/2019 13:07:36,Allinpatrick,T Wreckz,Erlik (epic),Nasuto,Sino
11/19/2019 13:09:27,Julio,T Wreckz,Carbo (turtle),Nasuto,Smilo
11/19/2019 13:13:48,Matt ,The Land Down Under,Argentino,Argentino,
11/19/2019 13:22:32,Ahpoiseh,The Land Down Under,Carbo (turtle),Carbo (turtle),
11/19/2019 13:26:18,TheMaxx,ApexPredators,Allo g2 (epic),Carbo (turtle),Nasuto
11/19/2019 13:37:55,MaskedIntruder,trykosaurusCarnage,Blue,Brachi,Secodonto
11/19/2019 13:44:00,Locke311,trykosaurusCarnage,Carbo (turtle),Smilo,Pachy
11/19/2019 13:46:24,Craaazzzyone,T Wreckz,Carbo (turtle),Smilo,Brachi
11/19/2019 13:47:28,Damon,T Wreckz,Raja,Grypo,Anky
11/19/2019 13:49:43,Rainbowslide ,ApexPredators,Blue,Echo,Argentino
11/19/2019 14:02:42,Kezzaah,The Land Down Under,TRex,Sino,Blue
11/19/2019 14:07:30,DinoMite,The Land Down Under,TRex,Carbo (turtle),Argentino
11/19/2019 14:08:13,Strikeforce007,trykosaurusCarnage,Sino,TRex,Dime
11/19/2019 14:08:17,DesTROYer43,The Land Down Under,Erlik g2 (rare),Brachi,Dime
11/19/2019 14:14:40,SaurLoser,The Land Down Under,Anky,Blue,Pachy
11/19/2019 14:18:31,LancashireHotpot,DracoHunter,Blue,Maia,Smilo
11/19/2019 14:19:40,Emmasews,DracoHunter,TRex,Bary g2 (rare),Kentro
11/19/2019 14:20:06,Grezlin ,DracoHunter2,Carbo (turtle),Smilo,Sino
11/19/2019 14:22:18,PrincessConsuela ,DracoHunter2,Sino,TRex g2,Carbo (turtle)
11/19/2019 14:23:38,Waaigirl,DracoHunter,Echo,Brachi,Smilo
11/19/2019 14:23:48,Sphenman,DracoHunter,Carbo (turtle),Brachi,Blue
11/19/2019 14:24:37,WaaiWaai,DracoHunter2,Proceratosaurus,Dime,Ornithomimus
11/19/2019 14:28:21,Promo87,DracoHunter2,Blue,Carbo (turtle),Brachi
11/19/2019 14:35:28,GentryDyson,DracoHunter,Blue,Erlik (epic),Irri
11/19/2019 14:39:21,Candiedmosisaur,The Land Down Under,Sino,Argentino,TRex
11/19/2019 14:51:56,Dantheobscure ,The Land Down Under,Maia,Blue,Brachi
11/19/2019 14:54:44,Krs10talitha ,The Land Down Under,Argentino,Irri,Nasuto
11/19/2019 14:55:30,RousseauHatters,The Land Down Under,Dime,Irri,Bary g2 (rare)
11/19/2019 14:56:11,Shinsousama,ApexPredators,Blue,Anky,Grypo
11/19/2019 14:57:38,DivaDinoDestroy ,DracoHunter,Draco g2 (common),TRex,Erlik (epic)
11/19/2019 14:58:27,Dithera,DracoHunter,Pyro,Sino,Argentino
11/19/2019 15:01:34,Formulaq1,JWA SG,Kentro,TRex,Blue
11/19/2019 15:01:37,Gmoney96,JWA SG,Blue,TRex g2,Pyro
11/19/2019 15:05:25,RememberTYaj,DracoHunter,Argentino,Brachi,Blue
11/19/2019 15:05:46,Noz314,The Land Down Under,Erlik (epic),Echo,Dime
11/19/2019 15:08:16,Nikokeglen,DracoHunter,Anky,Dime,Bary g2 (rare)
11/19/2019 15:08:32,Indiradm,DracoHunter2,TRex,Carbo (turtle),Blue
11/19/2019 15:13:11,Lboyd,DracoHunter,Tuo,Bary g2 (rare),Erlik (epic)
11/19/2019 15:18:08,CT3030,DracoHunter,Blue,Brachi,Echo
11/19/2019 15:19:07,Zannyyy,DracoHunter,Blue,Brachi,Grypo
11/19/2019 15:19:41,Alslayer,trykosaurusCarnage,Carbo (turtle),Anky,Kentro
11/19/2019 15:19:58,Gabotion,ApexPredators,Blue,Maia,Brachi
11/19/2019 15:23:49,Aaravma,DracoHunter2,Nasuto,Brachi,Diplod
11/19/2019 15:26:42,Costa ,DracoHunter2,TRex,Sino,Draco (rare)
11/19/2019 15:27:28,FocFoo,trykosaurusCarnage,Brachi,Echo,Argentino
11/19/2019 15:41:10,Cubs85 ,DracoHunter2,Erlik g2 (rare),Draco g2 (common),Dilo (rare)
11/19/2019 15:43:40,alvinnghl,JWA SG,Diplod,Pachy,Irri
11/19/2019 15:45:47,RapNess,DracoHunter,Blue,Dime,Carbo (turtle)
11/19/2019 15:45:51,arugono,JWA SG,Brachi,Argentino,Blue
11/19/2019 15:46:28,LilRapNess,DracoHunter2,Blue,Dime,Carbo (turtle)
11/19/2019 15:55:51,Pokaless,T Wreckz,Dime,Spino g2 (epic),Blue
11/19/2019 16:10:58,Terry,DracoHunter,Argentino,Irri,Pyro
11/19/2019 16:26:28,C0MMAND,JWA SG,Brachi,TRex,Erlik (epic)
11/19/2019 16:28:57,Rollingbeam3032 ,JWA SG,TRex,Tuo,Brachi
11/19/2019 16:31:44,Luckygod91 ,JWA SG,Secodonto,Smilo,Carbo (turtle)
11/19/2019 16:35:13,Samguy78,ApexPredators,Carbo (turtle),Pyro,Blue
11/19/2019 16:37:36,Eastlibra,JWA SG,Erlik (epic),Pachy,Bary g2 (rare)
11/19/2019 16:38:01,Cronista ,JWA SG,Brachi,Tenonto,Blue
11/19/2019 16:41:38,Foxon88,DracoHunter,Brachi,Grypo,Blue
11/19/2019 16:44:14,Foxon8,DracoHunter,Brachi,Grypo,Blue
11/19/2019 16:46:57,iambgman,ApexPredators,Diplod,Diplod,
11/19/2019 16:57:12,BeautySKY,DracoHunter,TRex,Dime,Bary g2 (rare)
11/19/2019 17:01:16,Birdie2Birdie,JWA SG,Brachi,Carbo (turtle),Smilo
11/19/2019 17:06:50,Th3scapist ,JWA SG,Irri,Blue,Argentino
11/19/2019 17:40:53,Sasorix,T Wreckz,Blue,Irri,Diplod
11/19/2019 17:46:47,cloudatlas6,JWA SG,Brachi,Carbo (turtle),Nasuto
11/19/2019 17:50:24,Jakesg,JWA SG,Argentino,Erlik (epic),Tany
11/19/2019 17:58:02,Sky ,JWA SG,TRex,Tenonto,Anky
11/19/2019 17:59:33,Lukas2012 ,DracoHunter,Blue,Brachi,Carbo (turtle)
11/19/2019 18:01:46,Junhao,DracoHunter,TRex,Erlik (epic),Kentro
11/19/2019 18:04:45,ArmedRider,DracoHunter,Diplod,Erlik (epic),Dime
11/19/2019 18:09:27,ArmedTrainer79,DracoHunter2,Dime,Draco (rare),Koola g2 (rare)
11/19/2019 18:12:32,Spicarona,DracoHunter,Bary g2 (rare),Irri,Nasuto
11/19/2019 18:44:32,LsLee22,ApexPredators,Blue,Brachi,Maia
11/19/2019 18:47:08,Stonegenmi,The Land Down Under,Kentro,Blue,Kentro
11/19/2019 18:51:24,SteadyGame,DracoHunter,Grypo,Diplod,Raja
11/19/2019 19:14:02,Dan #3030,The Land Down Under,TRex,Anky,Sino
11/19/2019 19:32:56,XxcandoitxX ,JWA SG,Blue,Erlik (epic),TRex
11/19/2019 19:51:55,Bkboyd,DracoHunter,TRex,Erlik g2 (rare),Bary g2 (rare)
11/19/2019 20:00:01,JonTTH8998,JWA SG,Blue,Carbo (turtle),Smilo
11/19/2019 20:08:28,BD,ApexPredators,Diplod,Allo g2 (epic),Blue
11/19/2019 20:14:56,Juggajo1987,T Wreckz,Carbo (turtle),Blue,Dime
11/19/2019 20:15:34,Milkbao,JWA SG,Brachi,Secodonto,Bary g2 (rare)
11/19/2019 20:54:13,Georgosaurus,JWA SG,Brachi,Irri,Bary g2 (rare)
11/19/2019 20:59:29,Zhen ,JWA SG,Carbo (turtle),Smilo,Brachi
11/19/2019 21:38:46,Jonna,DracoHunter,Argentino,Carbo (turtle),Spino g2 (epic)
11/19/2019 22:03:13,KhanTheWise,JWA SG,Brachi,Dime,Erlik (epic)
11/19/2019 22:05:11,Pepito97490,The Land Down Under,Sino,Argentino,TRex
11/19/2019 22:50:48,Neversaynether,DracoHunter,Sino,Erlik (epic),Marsupial Lion
11/19/2019 22:59:04,Explodo and Finn ,DracoHunter,Irri,Brachi,Dime
11/19/2019 23:54:56,ScreechingQuest1,T Wreckz,Erlik (epic),Nasuto,Allo g2 (epic)
11/20/2019 0:08:00,fernandoR,The Land Down Under,Erlik g2 (rare),Bary g2 (rare),Tenonto
11/20/2019 2:42:26,Par2Par,JWA SG,Brachi,Erlik (epic),Kentro
11/20/2019 2:49:07,CanYaDigIt,trykosaurusCarnage,Argentino,Carbo (turtle),Erlik g2 (rare)
11/20/2019 3:59:44,Bunnyy27 ,T Wreckz,Kentro,TRex,Sino
11/20/2019 5:27:19,FungusHungus,The Land Down Under,Anky,TRex,Brachi
11/20/2019 5:38:19,Saratooga,The Land Down Under,Sino,Sino,Carbo (turtle)
11/20/2019 7:12:39,Jrey7499,trykosaurusCarnage,TRex,Erlik (epic),Argentino
11/20/2019 7:12:49,Black angel,trykosaurusCarnage,Smilo,Sino,Blue
11/20/2019 7:14:08,Bransontx ,trykosaurusCarnage,Spino g2 (epic),Erlik g2 (rare),TRex
11/20/2019 7:25:30,StoneCutter,trykosaurusCarnage,Brachi,Carbo (turtle),Blue
11/20/2019 9:51:52,MyBaby,trykosaurusCarnage,Maia,Maia,
11/20/2019 9:54:07,Temerity,ApexPredators,Diplod,Diplod,
11/20/2019 10:07:30,He,T Wreckz,Dime,Echo,Draco (rare)
11/20/2019 10:27:46,Pluisje25,T Wreckz,Argentino,Sino,TRex
11/20/2019 10:37:52,UGotRinexed ,trykosaurusCarnage,Carbo (turtle),TRex,Nasuto
11/20/2019 13:51:00,KaneoheKane ,T Wreckz,Argentino,Argentino,Sino
11/20/2019 14:07:55,Dinodude,T Wreckz,Carbo (turtle),Blue,Maia
11/20/2019 14:14:33,Ghostcat,ApexPredators,Blue,Maia,Diplod
11/20/2019 14:15:04,Silverdog,T Wreckz,TRex,Blue,Erlik (epic)
11/20/2019 15:20:49,Jake,DracoHunter,Carbo (turtle),Secodonto,Argentino
11/20/2019 15:28:43,DrNizam,ApexPredators,Allo g2 (epic),Allo g2 (epic),
11/20/2019 18:02:35,Spicadeneb,DracoHunter2,Dime,Bary g2 (rare),Brachi
11/20/2019 18:42:57,slugcultjen,ApexPredators,Kentro,Erlik (epic),
11/20/2019 20:36:46,Eli42019,The Land Down Under,Brachi,Diplod,Argentino
11/21/2019 0:05:38,Lukasraptor,DracoHunter2,Argentino,Echo,Echo
11/21/2019 0:07:16,Nublife36,T Wreckz,Argentino,Brachi,Nasuto
11/21/2019 0:17:31,Swa,DracoHunter,Dime,Brachi,Argentino
11/21/2019 1:02:28,Enverlieuw,DracoHunter2,Kentro,Anky,Irri
11/21/2019 4:00:18,Simon,DracoHunter2,Proceratosaurus,Draco (rare),Blue
11/21/2019 4:09:40,ConnorsaurusRex ,DracoHunter,Dime,Dime,Carbo (turtle)
11/21/2019 4:11:54,Wendiceritops ,DracoHunter,Dime,Dime,Carbo (turtle)
11/21/2019 4:12:40,Volcanodon ,DracoHunter,Dime,Dime,Carbo (turtle)
11/21/2019 4:13:15,IcanBeatU,DracoHunter2,Dime,Dime,Carbo (turtle)
11/21/2019 4:49:34,Saghura,T Wreckz,Nasuto,Carbo (turtle),Argentino
11/21/2019 10:12:19,Mrgale,DracoHunter,Brachi,Argentino,Bary g2 (rare)
11/21/2019 23:06:30,chreden,trykosaurusCarnage,Grypo,Erlik (epic),Dime
11/22/2019 17:42:57,alexander,trykosaurusCarnage,TRex,Erlik (epic),Anky
11/23/2019 5:22:00,Takedabay,T Wreckz,Sino,Tuo,Anky
11/23/2019 5:24:20,ooohlbatard,T Wreckz,Blue,Argentino,Irri
11/23/2019 5:37:29,Craaazzzyone,T Wreckz,Smilo,Brachi,Carbo (turtle)
11/23/2019 5:47:53,Heather,T Wreckz,Sino,TRex,Irri
11/23/2019 5:50:01,Honorable monk,T Wreckz,Carbo (turtle),Sino,TRex
11/23/2019 15:08:23,Lerzolite,ApexPredators,Carbo (turtle),Kentro,Brachi
11/23/2019 17:04:51,TRas,trykosaurusCarnage,Wuerho,Wuerho,
11/23/2019 17:08:07,Frannylikesfigs,trykosaurusCarnage,Wuerho,Wuerho,
11/23/2019 17:28:08,Skulli67,ApexPredators,Echo,TRex,Echo
11/24/2019 10:50:40,Azazel,T Wreckz,TRex,Secodonto,Irri
11/24/2019 11:07:14,Ivy,T Wreckz,Blue,Echo,Carbo (turtle)
11/24/2019 12:32:21,unreaimistake,trykosaurusCarnage,Blue,Brachi,Maia
11/24/2019 20:12:30,Slugcultjen,ApexPredators,Carbo (turtle),Allo g2 (epic),Erlik (epic)
11/24/2019 20:27:38,iambgman,ApexPredators,Diplod,Diplod,
11/25/2019 9:23:14,Adriceratops,ApexPredators,Diplod,Grypo,Carbo (turtle)
11/25/2019 9:54:44,Samguy78,ApexPredators,Brachi,Carbo (turtle),Allo g2 (epic)
11/25/2019 19:29:28,Teawrecks,ApexPredators,Diplod,Diplod,Carbo (turtle)
12/4/2019 16:35:14,Josh,The Land Down Under,Blue,Carbo (turtle),Dime
12/4/2019 19:02:33,Scottemc,trykosaurusCarnage,Woolly Mammoth,Woolly Rhino,Carbo (turtle)
12/4/2019 19:04:50,SaurLoser,The Land Down Under,Woolly Rhino,Woolly Mammoth,Pachy
12/4/2019 19:04:51,enrybkram,trykosaurusCarnage,Argentino,TRex,Woolly Rhino
12/4/2019 19:05:38,Practicekat ,ApexPredators,Maia,Woolly Rhino,Allo g2 (epic)
12/4/2019 19:06:28,GhostCat ,ApexPredators,Maia,Diplod,Allo g2 (epic)
12/4/2019 19:07:42,Destroyer43,The Land Down Under,Bary g2 (rare),Quetz,Woolly Rhino
12/4/2019 19:08:25,BlackDragon,ApexPredators,Woolly Mammoth,Allo g2 (epic),Diplod
12/4/2019 19:11:14,DTM,The Land Down Under,Woolly Rhino,Woolly Mammoth,Dime
12/4/2019 19:19:11,Roarranatron,trykosaurusCarnage,Wuerho,Puru,Allo g2 (epic)
12/4/2019 19:19:11,Rainbowslide ,ApexPredators,Blue,Pyro,Brachi
12/4/2019 19:20:47,FernandoR,The Land Down Under,Erlik g2 (rare),Marsupial Lion,Erlik (epic)
12/4/2019 19:22:09,Gabotion,ApexPredators,Maia,Blue,Allo g2 (epic)
12/4/2019 19:26:14,GentryDyson,DracoHunter,Irri,Quetz,Bary g2 (rare)
12/4/2019 19:33:09,Piranha,trykosaurusCarnage,Quetz,Quetz,
12/4/2019 19:51:11,Mrgale,DracoHunter,Quetz,Woolly Rhino,Brachi
12/4/2019 19:53:23,Cayden,DracoHunter,Baja,Argentino,Allo g2 (epic)
12/4/2019 20:17:55,Kaycee1031,JWA SG,Quetz,Quetz,Quetz
12/4/2019 20:19:22,Lboyd,DracoHunter,Erlik (epic),Tuo,Bary g2 (rare)
12/4/2019 20:20:21,Par2Par,JWA SG,Blue,Brachi,Erlik (epic)
12/4/2019 20:20:47,Rollingbeam3032 ,JWA SG,Brachi,Smilo,Diplod
12/4/2019 20:21:44,Luckygod91 ,JWA SG,Allo g2 (epic),Maia,Smilo
12/4/2019 20:24:18,Alvinnghl,JWA SG,Diplod,Koola (epic),Woolly Mammoth
12/4/2019 20:24:56,Alslayer,trykosaurusCarnage,Quetz,Anky,Kentro
12/4/2019 20:26:37,Angel16,ApexPredators,Baja,Woolly Mammoth,Woolly Rhino
12/4/2019 20:29:18,ErnestAlfred,JWA SG,Woolly Mammoth,Woolly Rhino,Echo
12/4/2019 20:30:58,Pepito97490,The Land Down Under,Woolly Mammoth,Woolly Rhino,Baja
12/4/2019 20:40:54,MilkBao,JWA SG,Blue,Pteranodon,Bary g2 (rare)
12/4/2019 20:42:32,Mikey,trykosaurusCarnage,Quetz,Erlik (epic),Proceratosaurus
12/4/2019 20:43:49,Eastlibra,JWA SG,Pachy,Echo,Phorusrhacos
12/4/2019 20:46:32,Sky ,JWA SG,Tenonto,TRex,Quetz
12/4/2019 20:47:02,arugono,JWA SG,Woolly Mammoth,Woolly Rhino,Argentino
12/4/2019 20:57:07,Birdie2Birdie ,JWA SG,Carbo (turtle),Irri,Woolly Rhino
12/4/2019 21:16:48,Pablo55,The Land Down Under,Erlik (epic),Irri,Erlik (epic)
12/4/2019 21:21:29,cloudatlas6 ,JWA SG,Carbo (turtle),Nasuto,Sino
12/4/2019 21:26:42,zhen ,JWA SG,Woolly Rhino,Woolly Mammoth,Carbo (turtle)
12/4/2019 21:27:50,zachzach,JWA SG,Sino,Maia,Carbo (turtle)
12/4/2019 21:42:16,Pk,JWA SG,Carbo (turtle),Erlik g2 (rare),Blue
12/4/2019 21:46:08,Jake,DracoHunter,Woolly Rhino,Woolly Mammoth,Dime
12/4/2019 21:46:55,Scubasteve ,The Land Down Under,Tuo,Brachi,Argentino
12/4/2019 22:22:29,Mmcat1 ,trykosaurusCarnage,Quetz,Grypo,Anky
12/4/2019 22:37:58,Formulaq,JWA SG,Erlik (epic),Spino (rare),Woolly Mammoth
12/4/2019 22:38:42,JonTTH8998,JWA SG,Woolly Mammoth,Woolly Rhino,Bary g2 (rare)
12/4/2019 22:39:41,Cronista,JWA SG,Quetz,Woolly Mammoth,Smilo
12/4/2019 22:53:49,Freaksuresh123 ,T Wreckz,Woolly Rhino,Woolly Mammoth,Dime
12/4/2019 23:03:00,Formannj,trykosaurusCarnage,Maia,Brachi,
12/4/2019 23:16:54,Juggajo1987,T Wreckz,Quetz,Baja,Maia
12/4/2019 23:17:58,MaskedIntruder,trykosaurusCarnage,Quetz,Blue,Woolly Mammoth
12/4/2019 23:28:47,CokieTheClown,ApexPredators,Grypo,Brachi,Blue
12/4/2019 23:29:48,Jensatheman,The Land Down Under,Sino,TRex,Brachi
12/4/2019 23:34:07,Shinsousama,ApexPredators,Grypo,Diplod,Grypo
12/4/2019 23:46:01,Lslee22 ,ApexPredators,Maia,Woolly Mammoth,Blue
12/4/2019 23:46:07,Julio,T Wreckz,Woolly Mammoth,Woolly Rhino,TRex
12/4/2019 23:51:22,PrincessConsuela ,DracoHunter2,Sino,TRex g2,Kentro
12/5/2019 0:07:38,LancashireHotpot,DracoHunter,Woolly Mammoth,Woolly Rhino,Baja
12/5/2019 0:14:25,FoxFoo,trykosaurusCarnage,Quetz,Brachi,Argentino
12/5/2019 0:27:46,Explodo and Finn ,DracoHunter,Brachi,Woolly Mammoth,Baja
12/5/2019 0:29:48,Fungus Hungus,The Land Down Under,Quetz,TRex,Anky
12/5/2019 1:00:36,PQC,ApexPredators,Woolly Rhino,Woolly Mammoth,Allo g2 (epic)
12/5/2019 1:31:25,DrNizam,ApexPredators,Allo g2 (epic),Woolly Rhino,
12/5/2019 1:39:25,KaneoheKane ,T Wreckz,Argentino,Argentino,Sino
12/5/2019 1:52:04,Ornitholestes,trykosaurusCarnage,Diplod,Dsunga,Woolly Rhino
12/5/2019 1:54:29,Madtrader,T Wreckz,Blue,Allo g2 (epic),Woolly Mammoth
12/5/2019 1:59:46,PROMO,DracoHunter2,Woolly Rhino,Woolly Mammoth,Allo g2 (epic)
12/5/2019 2:10:11,Indiradm,DracoHunter2,TRex,Maia,Carbo (turtle)
12/5/2019 2:34:10,Kezzaah,The Land Down Under,TRex,Sino,TRex g2
12/5/2019 2:36:25,Ivy,T Wreckz,Woolly Mammoth,Baja,Allo g2 (epic)
12/5/2019 2:42:36,Kiltman54,T Wreckz,Anky,TRex,Tuo
12/5/2019 3:00:27,CT3030,DracoHunter,Woolly Mammoth,Blue,Woolly Rhino
12/5/2019 3:01:29,Zannyyy,DracoHunter,Woolly Mammoth,Woolly Rhino,Blue
12/5/2019 3:22:19,Marikadogsaver ,T Wreckz,Woolly Mammoth,Woolly Rhino,Anky
12/5/2019 3:25:37,DaisyRex,The Land Down Under,Dime,TRex,Tenonto
12/5/2019 3:26:16,Katt1805,The Land Down Under,Dime,Echo,Blue
12/5/2019 3:34:42,Waaigirl,DracoHunter,Woolly Mammoth,Proceratosaurus,Secodonto
12/5/2019 3:35:36,WaaiWaai,DracoHunter2,Proceratosaurus,Carbo (turtle),Dime
12/5/2019 4:00:11,Strikeforce007,trykosaurusCarnage,Ourano,Nasuto,Dime
12/5/2019 5:33:05,Tea wrecked,ApexPredators,Diplod,Diplod,Woolly Mammoth
12/5/2019 5:41:10,Craaazzzyone,T Wreckz,Woolly Mammoth,Woolly Rhino,Carbo (turtle)
12/5/2019 6:17:21,Emmasews,DracoHunter,Bary g2 (rare),TRex,Woolly Rhino
12/5/2019 6:19:13,Bkboyd,DracoHunter,Tenonto,Bary g2 (rare),Ourano
12/5/2019 6:23:54,Costa ,DracoHunter2,Carbo (turtle),TRex,Sino
12/5/2019 6:37:22,Payforwin,JWA SG,TRex,Secodonto,Bary g2 (rare)
12/5/2019 7:01:25,EmmPache2,The Land Down Under,Quetz,Erlik (epic),Quetz
12/5/2019 7:05:23,RememberTYaj,DracoHunter,Blue,Brachi,Argentino
12/5/2019 7:18:59,Spicarona,DracoHunter,Bary g2 (rare),Nasuto,Dime
12/5/2019 7:19:28,Gary,JWA SG,Woolly Rhino,Woolly Mammoth,Carbo (turtle)
12/5/2019 7:21:31,Spicadeneb,DracoHunter2,Anky,Maia,Woolly Mammoth
12/5/2019 7:22:42,Grezlin ,DracoHunter2,Carbo (turtle),Smilo,Brachi
12/5/2019 8:01:32,Swa,DracoHunter,Woolly Rhino,Woolly Mammoth,Baja
12/5/2019 8:02:06,Chicken,DracoHunter2,Woolly Mammoth,Woolly Rhino,Baja
12/5/2019 8:18:11,Aaravma,DracoHunter2,TRex,Allo g2 (epic),Carbo (turtle)
12/5/2019 8:25:42,T-Wreckz,T Wreckz,Woolly Rhino,Woolly Mammoth,Brachi
12/5/2019 8:37:12,Ahpoiseh,The Land Down Under,Quetz,Carbo (turtle),Smilo
12/5/2019 8:59:22,UGotRinexed ,trykosaurusCarnage,Nasuto,TRex,Allo g2 (epic)
12/5/2019 9:05:16,KhanTheWise,JWA SG,TRex,Dime,Argentino
12/5/2019 9:22:37,Georgosaurus ,JWA SG,Blue,Woolly Mammoth,Woolly Rhino
12/5/2019 9:39:23,Dithera,DracoHunter,Pyro,Sino,Anky
12/5/2019 10:04:42,Mailwoman,T Wreckz,Anky,Sino,Woolly Rhino
12/5/2019 10:05:13,Mariotijn,T Wreckz,Kentro,Anky,TRex
12/5/2019 11:09:12,Steelpelt,trykosaurusCarnage,Woolly Rhino,Allo g2 (epic),Smilo
12/5/2019 12:27:10,Lerzolite,ApexPredators,Woolly Rhino,Woolly Mammoth,Baja
12/5/2019 12:41:01,DinoMite,The Land Down Under,Darwin,Carbo (turtle),TRex
12/5/2019 13:02:15,NC0gnit0,trykosaurusCarnage,Quetz,Anky,Kentro
12/5/2019 13:24:29,Legomin1314,ApexPredators,Diplod,Woolly Mammoth,
12/5/2019 14:05:44,Allinpatrick,T Wreckz,Erlik (epic),Quetz,Woolly Rhino
12/5/2019 14:50:50,Dinodude,T Wreckz,Quetz,Maia,Echo
12/5/2019 15:06:02,TheShrimps,T Wreckz,Woolly Mammoth,Carbo (turtle),Diplod
12/5/2019 15:15:51,Mewtwokilla ,trykosaurusCarnage,Pyro,Arambo,Diplod
12/5/2019 15:22:22,RolandTembo,T Wreckz,Woolly Rhino,Carbo (turtle),Woolly Mammoth
12/5/2019 16:23:02,RapNess,DracoHunter,Woolly Mammoth,Carbo (turtle),Erlik g2 (rare)
12/5/2019 16:23:42,LilRapNess,DracoHunter2,Woolly Mammoth,Woolly Rhino,Carbo (turtle)
12/5/2019 16:48:52,Knoxknox85,ApexPredators,Anky,Kentro,Echo
12/5/2019 17:25:01,Simon,DracoHunter2,Dilo (rare),Dime,Irri
12/5/2019 18:08:40,BeautySKY ,DracoHunter,TRex,Bary g2 (rare),Sino
12/5/2019 18:13:08,Alhabsyee,JWA SG,Allo g2 (epic),Baja,Raja
12/5/2019 18:36:03,C0MMAND,JWA SG,TRex,Erlik (epic),Irri
12/5/2019 20:41:51,GentryGent,DracoHunter2,Quetz,Irri,Woolly Mammoth
12/5/2019 20:41:57,Locke311,trykosaurusCarnage,Smilo,Woolly Mammoth,Carbo (turtle)
12/5/2019 20:50:28,Bransontx ,trykosaurusCarnage,Irri,Dime,Quetz
12/5/2019 20:54:15,TRas,trykosaurusCarnage,Wuerho,Wuerho,Wuerho
12/5/2019 21:10:48,SteadyGame,DracoHunter,Quetz,Grypo,Arambo
12/5/2019 21:29:32,Brewzerker,The Land Down Under,Maia,Brachi,Dime
12/5/2019 21:32:33,Sonofagun,trykosaurusCarnage,Carbo (turtle),Carbo (turtle),Carbo (turtle)
12/5/2019 21:53:48,Josh,The Land Down Under,Dime,Baja,Carbo (turtle)
12/5/2019 22:11:34,Malsobrother ,T Wreckz,Sino,Allo g2 (epic),Ourano
12/5/2019 22:20:08,Raspo42,trykosaurusCarnage,Diplod,Carbo (turtle),Arambo
12/6/2019 0:32:57,Helen13,T Wreckz,Allo g2 (epic),Bary g2 (rare),Brachi
12/6/2019 0:55:30,Nikokeglen,DracoHunter,Bary g2 (rare),Dime,TRex
12/6/2019 2:29:28,ScreechingQuest1,T Wreckz,Woolly Mammoth,Woolly Rhino,Allo g2 (epic)
12/6/2019 2:33:51,Azazel,T Wreckz,TRex,Quetz,Woolly Mammoth
12/6/2019 2:38:05,Dinotris,The Land Down Under,TRex,Diplod,Quetz
12/6/2019 2:41:36,Professaurus,trykosaurusCarnage,Blue,Diplod,Woolly Mammoth
12/6/2019 4:12:07,Wonderfull7193,DracoHunter,TRex,Anky,Argentino
12/6/2019 4:42:54,Saratooga ,The Land Down Under,Sino,Carbo (turtle),TRex g2
12/6/2019 5:03:40,Foxon8,DracoHunter,Woolly Mammoth,Woolly Rhino,Irri
12/6/2019 5:05:32,Foxon88,DracoHunter,Brachi,Argentino,Woolly Mammoth
12/6/2019 6:14:56,Neversaynether,DracoHunter,Sino,Erlik (epic),TRex
12/6/2019 6:46:44,Saghura,T Wreckz,Allo g2 (epic),Woolly Mammoth,Woolly Rhino
12/6/2019 6:47:48,DivaDinoDestroy ,DracoHunter,Allo g2 (epic),Sino,TRex
12/6/2019 9:13:26,Celticdragon,trykosaurusCarnage,Woolly Mammoth,Woolly Rhino,Woolly Mammoth
12/6/2019 10:33:24,Nightfall,trykosaurusCarnage,Pyro,Quetz,
12/6/2019 15:49:47,Stonegenmi,The Land Down Under,Kentro,Kentro,Woolly Mammoth
12/6/2019 16:01:15,Zach ,T Wreckz,Sino,Woolly Rhino,Woolly Mammoth
12/6/2019 16:21:49,Heather,T Wreckz,TRex,Sino,TRex
12/6/2019 16:55:35,RousseauHatters,The Land Down Under,Bary g2 (rare),Dime,Woolly Mammoth
12/6/2019 18:51:03,Silverdog,T Wreckz,TRex,Erlik (epic),Pyro
12/6/2019 19:11:31,StoneCutter,trykosaurusCarnage,Brachi,Woolly Rhino,Woolly Mammoth
12/6/2019 19:11:42,Vinyard,trykosaurusCarnage,Anky,Brachi,Kentro
12/6/2019 19:30:45,Ryo,ApexPredators,Spino g2 (epic),Carbo (turtle),Quetz
12/6/2019 19:32:05,Slide2 ,ApexPredators,Woolly Rhino,Quetz,Blue
12/6/2019 19:35:17,werdnA8789,The Land Down Under,Anky,Dime,Bary g2 (rare)
12/6/2019 20:01:16,Reptizzle,trykosaurusCarnage,Dime,Irri,Pyro
12/6/2019 22:11:18,Samguy78,ApexPredators,Brachi,Woolly Rhino,Allo g2 (epic)
12/6/2019 22:14:04,chreden,trykosaurusCarnage,Grypo,TRex,Dime
12/6/2019 22:14:05,Lukas,DracoHunter,Brachi,Pyro,Woolly Mammoth
12/6/2019 22:15:57,Junhao,DracoHunter,Erlik (epic),TRex,Secodonto
12/6/2019 22:18:33,Lukasraptor,DracoHunter2,Baja,Quetz,Bary (epic)
12/6/2019 22:28:00,ConnorsaurusRex ,DracoHunter,Blue,Echo,Argentino
12/6/2019 22:28:56,Wendiceritops ,DracoHunter,Dime,Blue,Argentino
12/6/2019 22:29:49,VolcanoDon ,DracoHunter,Carbo (turtle),Echo,Dime
12/6/2019 22:30:35,IcanBeatU,DracoHunter,Dime,Blue,Argentino
12/6/2019 22:37:36,Temerity,ApexPredators,Diplod,Diplod,
12/6/2019 22:38:14,MyBaby,trykosaurusCarnage,Woolly Mammoth,Woolly Mammoth,
12/7/2019 2:34:33,Spicarona,DracoHunter,Bary g2 (rare),Pteranodon,Irri
12/7/2019 2:45:05,NubLife36,T Wreckz,TRex,Brachi,Woolly Rhino
12/7/2019 5:59:34,AttoTH,T Wreckz,Blue,Quetz,Pteranodon
12/7/2019 6:06:38,Dana,T Wreckz,Erlik g2 (rare),Dime,Quetz
12/7/2019 6:14:50,Takedabay,T Wreckz,Quetz,Dilo (rare),Sino
12/7/2019 6:58:55,Mvokes81,trykosaurusCarnage,Quetz,TRex,Irri
12/7/2019 9:35:30,Damon,T Wreckz,Grypo,Blue,Anky
12/7/2019 10:14:00,Velociraptor,trykosaurusCarnage,Brachi,Kentro,Quetz
12/7/2019 18:18:19,Smiley,DracoHunter,Woolly Mammoth,Woolly Rhino,Baja
12/7/2019 18:20:05,PixieChic,DracoHunter,Baja,Sino,Blue
12/7/2019 18:23:16,Sasorix,T Wreckz,Blue,Diplod,Irri
12/8/2019 7:57:17,G4A,DracoHunter2,Baja,Blue,Allo g2 (epic)
12/8/2019 17:12:24,enrybkram,trykosaurusCarnage,Dime,TRex,Quetz
12/15/2019 11:18:01,XxcandoitxX ,JWA SG,Erlik (epic),Delta,Erlik (epic)
12/22/2019 7:51:21,Allinpatrick,T Wreckz,Baja,Baja,Woolly Rhino
12/29/2019 22:07:27,GentryDyson,DracoHunter,Blue,Pteranodon,Brachi
12/29/2019 22:09:11,GentryGent,DracoHunter2,Irri,Blue,Pteranodon
12/29/2019 22:09:46,Gandalf,Malaysia,Irri,Bary g2 (rare),Allo g2 (epic)
12/29/2019 22:13:16,Spicarona,DracoHunter,Dime,Bary g2 (rare),Diplod
12/29/2019 22:13:56,RememberTYaj,DracoHunter,Blue,Quetz,Argentino
12/29/2019 22:14:30,Enshimaz1,Malaysia,Blue,Maia,Woolly Mammoth
12/29/2019 22:14:59,Spicadeneb,DracoHunter2,Woolly Rhino,Argentino,Woolly Mammoth
12/29/2019 22:23:46,Kelvin,Malaysia,Brachi,Blue,Quetz
12/29/2019 22:24:21,Bobolo8888,Malaysia,Sino,Quetz,Irri
12/29/2019 22:25:50,KhanTheWise,JWA SG,Quetz,Argentino,Dime
12/29/2019 22:28:08,Lucas,Malaysia,Kentro,Anky,Brachi
12/29/2019 22:30:25,SbuxScarlet,Malaysia,Irri,Raja,Quetz
12/29/2019 22:31:15,Bloodystalk,Malaysia,Irri,Woolly Mammoth,Baja
12/29/2019 22:32:46,Alien99,Malaysia,Irri,Carbo (turtle),Grypo
12/29/2019 22:37:12,P2P,JWA SG,Irri,Irri,Brachi
12/29/2019 22:37:53,arugono,JWA SG,Woolly Rhino,Echo,Blue
12/29/2019 22:38:19,BillySaurus,Malaysia,Pachy,Blue,Woolly Rhino
12/29/2019 22:39:14,Luv,Malaysia,Irri,Dime,Pyro
12/29/2019 22:39:53,Formulaq,JWA SG,Sino,TRex,Tuo
12/29/2019 22:42:30,Alhabsyee,JWA SG,Allo g2 (epic),Carbo (turtle),Woolly Mammoth
12/29/2019 22:46:42,Uwais,Malaysia,Allo g2 (epic),Erlik (epic),Echo
12/29/2019 22:47:02,P2P,JWA SG,Irri,Irri,Brachi
12/29/2019 22:52:07,Ju5tin0h,Malaysia,Irri,Anky,Kentro
12/29/2019 22:56:24,Julie Andrews Fan,DracoHunter2,Secodonto,Quetz,Diplod
12/29/2019 22:58:11,Birdie2Birdie,JWA SG,Irri,Carbo (turtle),Woolly Rhino
12/29/2019 22:59:50,Zhen ,JWA SG,Woolly Rhino,TRex,Anky
12/29/2019 23:00:43,Zachzach,JWA SG,Sino,TRex,Woolly Rhino
12/29/2019 23:00:44,Smiley,DracoHunter,Woolly Mammoth,Baja,Irri
12/29/2019 23:06:57,cloudatlas ,JWA SG,Woolly Rhino,Baja,Brachi
12/29/2019 23:21:51,C0MMAND,JWA SG,TRex,Erlik (epic),Anky
12/29/2019 23:26:57,Cronista,JWA SG,Anky,Brachi,TRex g2
12/29/2019 23:34:13,Rollingbeam3032 ,JWA SG,Argentino,TRex,Brachi
12/29/2019 23:35:15,Koh,Malaysia,Raja,Irri,Woolly Rhino
12/29/2019 23:35:28,Luckygod91 ,JWA SG,Woolly Rhino,TRex,Allo g2 (epic)
12/29/2019 23:52:38,Alvinnghl,JWA SG,Diplod,Arambo,Koola (epic)
12/29/2019 23:56:17,Julius,JWA SG,Pachy,Raja,
12/30/2019 0:25:03,SWA,DracoHunter,Brachi,Argentino,Secodonto
12/30/2019 0:27:06,Chinken,DracoHunter2,TRex g2,Sino,Echo
12/30/2019 0:31:24,Pkpikaypeekay,JWA SG,Anky,Delta,Raja
12/30/2019 0:41:05,Princess consuela,DracoHunter2,Sino,TRex g2,Maia
12/30/2019 0:42:12,Nikokeglen,DracoHunter,TRex,Argentino,Quetz
12/30/2019 0:45:35,Costa ,DracoHunter2,Sino,TRex,Carbo (turtle)
12/30/2019 0:47:08,Jake,DracoHunter,Woolly Rhino,Quetz,Baja
12/30/2019 0:52:10,Milkbao,JWA SG,Brachi,Echo,Kentro
12/30/2019 0:55:31,LancashireHotpot,DracoHunter,Quetz,Anky,Dime
12/30/2019 1:47:46,Georgosaurus,JWA SG,Blue,Brachi,Woolly Rhino
12/30/2019 1:52:17,ErnestAlfred,JWA SG,Woolly Mammoth,Erlik (epic),Erlik g2 (rare)
12/30/2019 2:13:30,Artaios07 ,T Wreckz,Woolly Rhino,Woolly Rhino,Woolly Rhino
12/30/2019 2:19:06,Dana,T Wreckz,Draco (rare),Quetz,Dime
12/30/2019 2:22:23,Mariotijn,T Wreckz,Kentro,Anky,TRex
12/30/2019 2:26:07,Eastlibra ,JWA SG,Pachy,Echo,Blue
12/30/2019 2:27:24,NubLife36,T Wreckz,Baja,Brachi,Blue
12/30/2019 2:55:57,Helen13,T Wreckz,Elasmotherium (rhino),Woolly Rhino,Quetz
12/30/2019 3:00:27,Ivy,T Wreckz,Spino g2 (epic),Bary g2 (rare),Echo
12/30/2019 3:07:15,Azazel,T Wreckz,Carbo (turtle),TRex,Quetz
12/30/2019 3:21:17,Jyong1104,Malaysia,TRex,Sino,Dime
12/30/2019 3:33:46,Strikeforce007,trykoCarnage,Nasuto,Allo g2 (epic),Carbo (turtle)
12/30/2019 3:53:30,Formannj,trykoCarnage,Maia,Diplod,
12/30/2019 3:59:30,Neversaynether,DracoHunter,Sino,Erlik (epic),TRex
12/30/2019 4:07:49,NickNIck8784,T Wreckz,Argentino,Irri,
12/30/2019 4:29:33,Nightfall,trykoCarnage,Pyro,Darwin,
12/30/2019 4:44:15,tnchsg,Malaysia,Dime,Proceratosaurus,Sino
12/30/2019 5:07:45,Mikey,trykoCarnage,Pteranodon,Erlik (epic),Anky
12/30/2019 5:11:31,Tardpep,JWA SG,Sino,Blue,Argentino
12/30/2019 5:15:05,Rossella,JWA SG,TRex,Quetz,Dime
12/30/2019 5:58:48,Ornitholestes,trykoCarnage,Diplod,Woolly Rhino,Blue
12/30/2019 6:11:11,Kiltman54,T Wreckz,Anky,Sino,TRex
12/30/2019 7:04:14,Julio,T Wreckz,Woolly Rhino,Baja,Woolly Mammoth
12/30/2019 7:10:24,Blue,T Wreckz,Quetz,Quetz,
12/30/2019 7:47:33,DrNizam,ApexPredators,Allo g2 (epic),Allo g2 (epic),
12/30/2019 7:49:55,BlackDragon,ApexPredators,Allo g2 (epic),Diplod,Allo g2 (epic)
12/30/2019 7:50:45,Rainbowslide ,ApexPredators,Smilo,Grypo,Anky
12/30/2019 7:55:38,Piranha,trykoCarnage,Quetz,Quetz,
12/30/2019 7:56:00,Bayonettework-,ApexPredators,Irri,Quetz,Woolly Rhino
12/30/2019 7:56:39,PQC,ApexPredators,Woolly Rhino,Elasmotherium (rhino),Anky
12/30/2019 7:57:23,Shinsousama,ApexPredators,Grypo,Grypo,Diplod
12/30/2019 8:08:53,Samguy78,ApexPredators,Grypo,Diplod,Woolly Rhino
12/30/2019 8:11:39,Professaurus,trykoCarnage,Mono,Brachi,Diplod
12/30/2019 8:24:44,CokieTheClown,ApexPredators,Grypo,Brachi,Woolly Rhino
12/30/2019 8:54:01,DaisyRex,The Land Down Under,Argentino,Erlik (epic),Irri
12/30/2019 8:55:45,StoneCutter,trykoCarnage,Blue,Brachi,Quetz
12/30/2019 8:56:45,Jonna,DracoHunter,Argentino,Quetz,Carbo (turtle)
12/30/2019 9:05:26,Dinotris,The Land Down Under,Woolly Rhino,Diplod,Erlik (epic)
12/30/2019 9:18:41,Lslee22 ,ApexPredators,Maia,Blue,Woolly Mammoth
12/30/2019 9:24:30,Black angel,trykoCarnage,Blue,Megaloceros (Deer),Stygi
12/30/2019 9:25:19,chreden,trykoCarnage,Grypo,TRex,Dime
12/30/2019 9:25:51,Sonofagun ,trykoCarnage,Carbo (turtle),Grypo,Pachy
12/30/2019 9:26:50,MaskedIntruder,trykoCarnage,Anky,Brachi,Quetz
12/30/2019 9:31:12,Vinyard,trykoCarnage,Anky,Anky,Brachi
12/30/2019 9:34:53,Mewtwokilla ,trykoCarnage,Raja,Quetz,Pteranodon
12/30/2019 9:35:18,Bransontx,trykoCarnage,Irri,Sino,Quetz
12/30/2019 9:41:28,fernandoR,The Land Down Under,Kentro,Argentino,Sino
12/30/2019 9:41:53,Matt,The Land Down Under,Baja,Argentino,Woolly Rhino
12/30/2019 9:43:34,Pepito97490,The Land Down Under,Woolly Rhino,TRex,
12/30/2019 9:45:47,wolfsucher,trykoCarnage,Brachi,Brachi,
12/30/2019 9:57:38,Jensatheman,The Land Down Under,Anky,Sino,Brachi
12/30/2019 11:20:20,goatboy1970,trykoCarnage,Bary g2 (rare),Erlik g2 (rare),TRex g2
12/30/2019 12:36:10,Kezzaah,The Land Down Under,TRex g2,TRex,Sino
12/30/2019 12:49:08,TerBere ,JWA SG,Woolly Rhino,Argentino,Allo g2 (epic)
12/30/2019 12:50:37,Allinpatrick,T Wreckz,Quetz,Quetz,Baja
12/30/2019 12:58:09,Lerzolite,ApexPredators,Woolly Rhino,Bary g2 (rare),Irri
12/30/2019 13:00:01,Locke311,trykoCarnage,Argentino,Woolly Mammoth,Quetz
12/30/2019 13:10:24,Scubasteve ,The Land Down Under,Argentino,Brachi,Argentino
12/30/2019 13:17:37,Enrybkram,trykoCarnage,Sino,Argentino,TRex
12/30/2019 13:35:26,Marikadogsaver ,T Wreckz,Elasmotherium (rhino),Baja,Anky
12/30/2019 14:12:11,Celticdragon5 ,trykoCarnage,Grypo,Carbo (turtle),Grypo
12/30/2019 14:41:24,Mmcat1 ,trykoCarnage,Anky,Bary g2 (rare),Quetz
12/30/2019 14:54:30,FoxFoo,trykoCarnage,Brachi,Echo,Secodonto
12/30/2019 15:36:41,Temerity,ApexPredators,Diplod,Diplod,
12/30/2019 15:37:23,MyBaby,trykoCarnage,Woolly Mammoth,Woolly Mammoth,Maia
12/30/2019 15:38:15,CT3030,DracoHunter,Irri,Grypo,Brachi
12/30/2019 15:49:29,PixieChic,DracoHunter,Sino,Woolly Mammoth,
12/30/2019 15:50:35,StupendousMan,DracoHunter,Carbo (turtle),Blue,TRex
12/30/2019 17:05:37,EmmaPache2,The Land Down Under,Quetz,Quetz,
12/30/2019 18:00:10,TRas,trykoCarnage,Wuerho,Allo g2 (epic),Raja
12/30/2019 18:06:43,Sansiro,trykoCarnage,Blue,Diplod,Elasmotherium (rhino)
12/30/2019 18:15:05,Sky ,JWA SG,TRex,Tenonto,Dime
12/30/2019 19:17:36,Jrey7499,trykoCarnage,TRex,Dime,Anky
12/30/2019 19:31:53,Zannyyy,DracoHunter,Irri,Brachi,Grypo
12/30/2019 19:34:43,DivaDinoDestroy ,DracoHunter,Sino,Erlik (epic),TRex
12/30/2019 19:43:29,Raspo42,trykoCarnage,TRex g2,TRex g2,
12/30/2019 19:49:19,BeautySKY ,DracoHunter,TRex g2,Allo g2 (epic),Dime
12/30/2019 20:15:25,Foxon8,DracoHunter,Irri,Grypo,Brachi
12/30/2019 20:17:33,Foxon88,DracoHunter,Brachi,Grypo,Woolly Rhino
12/30/2019 20:18:29,Angel16 ,ApexPredators,Carbo (turtle),Woolly Mammoth,Woolly Rhino
12/30/2019 21:39:33,Haydz.2147,The Land Down Under,Bary g2 (rare),Kentro,Anky
12/30/2019 22:35:16,Madtrader64,T Wreckz,Woolly Mammoth,Carbo (turtle),Baja
12/30/2019 22:47:51,Cayden,DracoHunter,Baja,Woolly Mammoth,Draco (rare)
12/31/2019 1:10:51,Chaoscontrol84,trykoCarnage,Brachi,Quetz,Argentino
12/31/2019 4:00:41,SaurLoser,The Land Down Under,Argentino,Pachy,Anky
12/31/2019 5:53:25,JonTTH8998,JWA SG,Brachi,Bary g2 (rare),Maia
12/31/2019 9:16:20,Juggajo1987,T Wreckz,Elasmotherium (rhino),TRex g2,Woolly Rhino
12/31/2019 10:27:02,Tea rekz,ApexPredators,Diplod,Diplod,Diplod
12/31/2019 11:10:58,Frannylikesfigs,trykoCarnage,Wuerho,Raja,Wuerho
12/31/2019 12:12:00,wassup077,DracoHunter,Elasmotherium (rhino),Diplod,Arambo
12/31/2019 14:56:49,Stone genmi,The Land Down Under,TRex,TRex,Kentro
12/31/2019 19:27:27,NC0gnit0,trykoCarnage,Anky,Pteranodon,TRex
12/31/2019 21:17:23,CT303030,DracoHunter,Irri,Quetz,Irri
12/31/2019 22:06:44,Destroyer43,The Land Down Under,Anky,Irri,Bary g2 (rare)
1/1/2020 7:22:42,MementoMori,ApexPredators,Blue,Grypo,Blue
1/1/2020 8:26:04,Junhao,DracoHunter,TRex,Anky,Kentro
1/1/2020 8:26:47,Mailwoman,T Wreckz,Anky,Brachi,Kentro
1/1/2020 8:27:11,Lukas2012,DracoHunter,Brachi,Anky,Kentro
1/1/2020 8:29:48,Dinodude,T Wreckz,Anky,Anky,Quetz
1/1/2020 8:31:51,Lukasraptor,DracoHunter2,TRex g2,Quetz,Argentino
1/1/2020 8:40:53,Damon,T Wreckz,Brachi,Grypo,Blue
1/1/2020 8:46:33,Pluisje25,T Wreckz,Argentino,TRex,Brachi
1/1/2020 8:50:38,Bunnyy27 ,T Wreckz,TRex,Sino,Kentro
1/1/2020 8:52:57,Heather,T Wreckz,TRex,Sino,Carbo (turtle)
1/1/2020 8:54:32,Honorable monk,T Wreckz,TRex,Carbo (turtle),Quetz
1/1/2020 8:56:00,Practicekat ,ApexPredators,Elasmotherium (rhino),Woolly Rhino,Maia
1/1/2020 9:48:17,Saghura,T Wreckz,Diplod,Diplod,Dime
1/1/2020 9:52:40,Tish,T Wreckz,Kentro,Sino,TRex
1/1/2020 10:04:22,Ghostcat,ApexPredators,Elasmotherium (rhino),Diplod,Woolly Rhino
1/1/2020 12:32:03,ScreechingQuest1,T Wreckz,Woolly Rhino,Allo g2 (epic),Megaloceros (Deer)
1/1/2020 15:03:43,Idgt,ApexPredators,Elasmotherium (rhino),Woolly Mammoth,Woolly Rhino
1/1/2020 17:19:19,Malsobrother ,T Wreckz,Anky,Irri,Pyro
1/1/2020 17:20:25,Josiah ,T Wreckz,Pyro,Irri,Sino
1/1/2020 17:22:29,KaneoheKane ,T Wreckz,Brachi,Pyro,Sino
1/1/2020 18:16:11,TheShrimps ,T Wreckz,Quetz,Carbo (turtle),Woolly Mammoth
1/1/2020 18:54:08,SteadyGame,DracoHunter,Grypo,Arambo,Diplod
1/1/2020 19:38:03,Freaksuresh123 ,T Wreckz,Woolly Rhino,Woolly Rhino,
1/1/2020 23:51:15,Takedabay,T Wreckz,Anky,Raja,Quetz
1/2/2020 9:06:43,Explodo and Finn ,DracoHunter,Brachi,Proceratosaurus,Quetz
1/2/2020 9:10:00,Indiradm,DracoHunter,TRex,Brachi,Maia
1/2/2020 9:11:00,Indira1979,DracoHunter2,Quetz,Argentino,Dime
1/2/2020 9:24:04,scottemc,trykoCarnage,Woolly Rhino,Carbo (turtle),Brachi
1/2/2020 12:00:24,Waaigirl,DracoHunter,Maia,Elasmotherium (rhino),Woolly Mammoth
1/2/2020 12:01:42,WaaiWaai,DracoHunter2,Maia,Proceratosaurus,Sino
1/2/2020 12:14:10,Velociraptor,trykoCarnage,Anky,Brachi,Quetz
1/2/2020 13:21:36,Gabotion ,ApexPredators,Maia,Blue,Allo g2 (epic)
1/2/2020 14:55:53,Kave,T Wreckz,Baja,Irri,Erlik (epic)
1/2/2020 16:44:48,DrNizam,ApexPredators,Allo g2 (epic),Allo g2 (epic),
1/2/2020 18:02:28,Fungus hungus,The Land Down Under,Grypo,Diplod,Brachi
1/2/2020 21:29:47,Alslayer,trykoCarnage,Anky,Brachi,Kentro
1/3/2020 7:09:16,Mrgale,DracoHunter,Quetz,Brachi,Argentino
1/3/2020 14:29:08,evosthunder,T Wreckz,Woolly Rhino,Irri,Carbo (turtle)
1/3/2020 17:25:23,Pterovexuz,trykoCarnage,Blue,Maia,Woolly Rhino
1/3/2020 18:50:37,Oche24,trykoCarnage,Kentro,Irri,Argentino
1/3/2020 21:37:35,LegendGamer1218,Malaysia,Kentro,Anky,Megaloceros (Deer)
1/4/2020 10:28:17,AsrMakaveli86,JWA SG,Dime,Tany,
1/4/2020 13:13:21,Legomin1314,ApexPredators,Elasmotherium (rhino),Woolly Mammoth,
1/4/2020 17:40:31,RousseauHatters,The Land Down Under,Erlik (epic),Bary g2 (rare),Irri
1/8/2020 17:59:45,Ahpoiseh,The Land Down Under,Carbo (turtle),Quetz,Carbo (turtle)
1/13/2020 8:59:00,Gabotion,ApexPredators,Nasuto,Allo g2 (epic),Carbo (turtle)
1/14/2020 8:06:03,scottemc,trykoCarnage,Carbo (turtle),Erlik (epic),Sino
1/21/2020 20:04:34,goatboy1970,trykoCarnage,Koola g2 (rare),Argentino,Quetz
1/21/2020 20:04:46,Mikey,trykoCarnage,Argentino,Erlik (epic),Carbo (turtle)
1/21/2020 20:06:33,Legomin1314,ApexPredators,Woolly Mammoth,Woolly Mammoth,Woolly Mammoth
1/21/2020 20:08:01,Gabotion ,ApexPredators,Maia,Carbo (turtle),Diplod
1/21/2020 20:30:24,Practicekat ,ApexPredators,Woolly Mammoth,Titanoboa (epic),Allo g2 (epic)
1/21/2020 20:39:05,Scubasteve ,The Land Down Under,Argentino,Brachi,Argentino
1/21/2020 20:39:18,scottemc,trykoCarnage,Carbo (turtle),Diplod,Titanoboa (epic)
1/21/2020 20:40:39,Saurloser,The Land Down Under,Diplod,Pachy,Bary g2 (rare)
1/21/2020 20:42:07,Pepito97490,The Land Down Under,Titanoboa (epic),Sino,Anky
1/21/2020 20:52:41,Alhabsyee,JWA SG,Titanoboa (epic),Dilo (rare),Entelodon (pig)
1/21/2020 20:55:02,Emmasews,DracoHunter,Quetz,Tenonto,Bary g2 (rare)
1/21/2020 20:55:40,Alvinnghl,JWA SG,Diplod,Arambo,Irri
1/21/2020 20:59:06,arugono,JWA SG,Tuo,Titanoboa (epic),Quetz
1/21/2020 21:00:11,GentryDyson,DracoHunter,Blue,Kentro,Woolly Mammoth
1/21/2020 21:01:08,GentryGent,DracoHunter,Blue,Woolly Mammoth,Brachi
1/21/2020 21:08:31,cloudatlas,JWA SG,Erlik (epic),Brachi,Sino
1/21/2020 21:09:21,FernandoR,The Land Down Under,Anky,Argentino,Kentro
1/21/2020 21:11:02,RememberTYaj,DracoHunter,Blue,Brachi,Argentino
1/21/2020 21:22:01,Simon,DracoHunter2,Dilo (rare),Pyro,Raja
1/21/2020 21:23:12,Sphenman,DracoHunter,Carbo (turtle),Argentino,Diplod
1/21/2020 21:23:39,Mrgale,DracoHunter,Titanoboa (epic),Brachi,Quetz
1/21/2020 21:25:15,Sansiro,trykoCarnage,Diplod,Blue,Carbo (turtle)
1/21/2020 21:26:53,Kezzaah ,The Land Down Under,TRex,Sino,TRex g2
1/21/2020 21:30:45,Tearekz,ApexPredators,Diplod,Diplod,Diplod
1/21/2020 21:35:22,Eastlibra ,JWA SG,Pachy,Maia,Blue
1/21/2020 21:38:15,MiaoM ,trykoCarnage,Anky,Quetz,Argentino
1/21/2020 21:39:47,PAR2PAR,JWA SG,Brachi,Irri,Blue
1/21/2020 21:41:54,Velociraptor,trykoCarnage,Erlik (epic),Brachi,Argentino
1/21/2020 21:44:24,Rollingbeam3032 ,JWA SG,Erlik (epic),TRex,Argentino
1/21/2020 21:45:59,JWA Sg ,JWA SG,Megaloceros (Deer),Maia,Mono
1/21/2020 21:46:58,Luckygod91 ,JWA SG,TRex,Echo,Quetz
1/21/2020 21:48:17,Julius,JWA SG,Brachi,Blue,Titanoboa (epic)
1/21/2020 21:49:28,Formannj,trykoCarnage,Diplod,Titanoboa (epic),Blue
1/21/2020 21:51:39,TRas,trykoCarnage,Allo g2 (epic),Quetz,Titanoboa (epic)
1/21/2020 21:54:50,Frannylikesfigs,trykoCarnage,Irri,Raja,Echo
1/21/2020 21:55:33,pablo,The Land Down Under,Irri,Grypo,Irri
1/21/2020 22:01:49,Ensinmaz1,Malaysia,Woolly Mammoth,Diplod,Titanoboa (epic)
1/21/2020 22:05:21,LUKAS,DracoHunter,Brachi,Anky,TRex
1/21/2020 22:07:31,Burg2002,trykoCarnage,Blue,Maia,Woolly Rhino
1/21/2020 22:07:33,Lukasraptor ,DracoHunter2,Darwin,Carbo (turtle),Woolly Mammoth
1/21/2020 22:07:44,Milkbao,JWA SG,Blue,Kentro,Brachi
1/21/2020 22:12:03,BillySaurus,Malaysia,Pachy,Woolly Rhino,Diplod
1/21/2020 22:18:58,Bloodystalk,Malaysia,Brachi,Carbo (turtle),Grypo
1/21/2020 22:28:30,Jonna,DracoHunter,Titanoboa (epic),Erlik g2 (rare),Dime
1/21/2020 22:36:05,Ahpoiseh,The Land Down Under,Carbo (turtle),Carbo (turtle),
1/21/2020 22:36:46,DaisyRex,The Land Down Under,Argentino,Kentro,Irri
1/21/2020 22:39:52,Lucas,Malaysia,Brachi,Argentino,Irri
1/21/2020 22:43:45,Alslayer,trykoCarnage,Anky,Kentro,Quetz
1/21/2020 22:46:47,Georgosaurus ,JWA SG,Blue,Brachi,Diplod
1/21/2020 22:49:47,Lslee22 ,ApexPredators,Maia,Blue,Woolly Mammoth
1/21/2020 22:49:58,Neversaynether,DracoHunter,Sino,Erlik (epic),TRex
1/21/2020 22:51:03,C0MMAND,JWA SG,Irri,Brachi,Quetz
1/21/2020 22:56:20,Swa,DracoHunter,Blue,Blue,Blue
1/21/2020 22:57:04,Chicken ,DracoHunter2,Irri,Irri,Irri
1/21/2020 23:04:55,Temerity,ApexPredators,Diplod,Diplod,Diplod
1/21/2020 23:05:31,Temistocles,trykoCarnage,Woolly Mammoth,Woolly Mammoth,Woolly Mammoth
1/21/2020 23:18:02,Birdie2Birdie ,JWA SG,Titanoboa (epic),Carbo (turtle),Titanoboa g2 (rare)
1/21/2020 23:23:37,Lynch ,JWA SG,Argentino,Brachi,Quetz
1/21/2020 23:24:24,Jake,DracoHunter,Titanoboa (epic),Megaloceros (Deer),Woolly Rhino
1/22/2020 0:02:32,Princess consuela,DracoHunter2,TRex g2,Sino,Blue
1/22/2020 0:24:36,Sky,JWA SG,Tenonto,TRex,Dime
1/22/2020 0:28:53,DrNizam,ApexPredators,Allo g2 (epic),Allo g2 (epic),Allo g2 (epic)
1/22/2020 0:29:13,Mailwoman,T Wreckz,Irri,Blue,Anky
1/22/2020 0:29:36,Mariotijn,T Wreckz,Kentro,Anky,Blue
1/22/2020 0:30:31,DianaSweety,ApexPredators,Allo g2 (epic),Allo g2 (epic),Allo g2 (epic)
1/22/2020 0:35:32,Fleche85,T Wreckz,Erlik (epic),Echo,Maia
1/22/2020 0:46:46,RapNess,DracoHunter,Dime,Titanoboa (epic),Blue
1/22/2020 0:53:59,Explodo and Finn ,DracoHunter,Blue,Brachi,Proceratosaurus
1/22/2020 1:00:09,Julio ,T Wreckz,Megaloceros (Deer),Titanoboa (epic),Woolly Rhino
1/22/2020 1:02:04,wolfsucher,trykoCarnage,Diplod,Diplod,
1/22/2020 1:14:18,Azazel,T Wreckz,Secodonto,Argentino,Irri
1/22/2020 1:36:27,Koh ,Malaysia,Irri,Irri,Irri
1/22/2020 1:37:20,Cronista ,JWA SG,TRex g2,Carbo (turtle),Brachi
1/22/2020 1:39:38,KhanTheWise ,JWA SG,Argentino,Irri,Dime
1/22/2020 1:42:06,ErnestAlfred,JWA SG,Erlik g2 (rare),TRex g2,Carbo (turtle)
1/22/2020 1:46:15,Zhen,JWA SG,Brachi,Blue,Titanoboa (epic)
1/22/2020 1:46:54,Bayonettework,ApexPredators,Blue,Irri,Argentino
1/22/2020 1:47:21,Nikokegle,DracoHunter,Irri,Erlik (epic),Bary g2 (rare)
1/22/2020 2:02:18,KaneoheKane ,T Wreckz,Brachi,Brachi,Argentino
1/22/2020 2:02:30,LancashireHotpot,DracoHunter,Argentino,Carbo (turtle),Pachy
1/22/2020 2:03:07,Malsobrother ,T Wreckz,Irri,Irri,Pyro
1/22/2020 2:03:45,Josiah ,T Wreckz,Erlik (epic),Anky,Brachi
1/22/2020 2:04:40,Professaurus ,trykoCarnage,Diplod,Brachi,Titanoboa (epic)
1/22/2020 2:07:43,Saghura,T Wreckz,Irri,Irri,Darwin
1/22/2020 2:23:18,Freaksuresh123 ,T Wreckz,Woolly Rhino,Titanoboa (epic),Woolly Mammoth
1/22/2020 2:28:07,DinoMite,The Land Down Under,Koola g2 (rare),Argentino,Secodonto
1/22/2020 2:37:49,MaskedIntruder,trykoCarnage,Diplod,Brachi,Anky
1/22/2020 2:56:43,Rossella,JWA SG,Quetz,Irri,Blue
1/22/2020 2:57:39,FoxFoo,trykoCarnage,Secodonto,Brachi,Blue
1/22/2020 3:08:33,Takedabay,T Wreckz,Titanoboa (epic),Quetz,Raja
1/22/2020 3:11:04,BigMalley ,T Wreckz,Titanoboa (epic),Titanoboa g2 (rare),Marsupial Lion
1/22/2020 3:11:36,Sasorix ,T Wreckz,Irri,Quetz,Titanoboa (epic)
1/22/2020 3:15:36,Pluisje25,T Wreckz,Titanoboa (epic),Argentino,Brachi
1/22/2020 3:28:43,Ivy,T Wreckz,Quetz,Echo,Elasmotherium (rhino)
1/22/2020 3:34:09,Vinyard,trykoCarnage,Anky,Anky,Brachi
1/22/2020 3:41:31,BeautySKY ,DracoHunter,TRex,Kentro,Irri
1/22/2020 3:42:40,Lboyd,DracoHunter,Tuo,Erlik (epic),Bary g2 (rare)
1/22/2020 3:43:45,Wonderfull7193,DracoHunter,TRex,Kentro,Irri
1/22/2020 3:45:42,Bkboyd,DracoHunter,Erlik g2 (rare),Bary g2 (rare),Dime
1/22/2020 4:07:44,Bladerunner,Malaysia,Diplod,Quetz,Irri
1/22/2020 4:20:41,Spicarona,DracoHunter,Diplod,Bary g2 (rare),Dime
1/22/2020 4:42:52,Indiradm,DracoHunter,Titanoboa (epic),Kentro,Maia
1/22/2020 4:58:43,Dinodude,T Wreckz,Blue,Maia,Quetz
1/22/2020 5:09:55,BD,ApexPredators,Allo g2 (epic),Diplod,Diplod
1/22/2020 5:21:00,CokieTheClown,ApexPredators,Grypo,Woolly Mammoth,Woolly Rhino
1/22/2020 5:49:14,Tish,T Wreckz,Sino,Anky,Kentro
1/22/2020 5:50:42,Tardpep,JWA SG,Argentino,Sino,Kentro
1/22/2020 6:34:12,Promo,DracoHunter2,Titanoboa (epic),Spino (rare),Brachi
1/22/2020 6:36:07,CT3030,DracoHunter,Brachi,Grypo,Irri
1/22/2020 6:37:13,Zannyyy,DracoHunter,Grypo,Brachi,Irri
1/22/2020 6:37:57,Piranha,The Land Down Under,Titanoboa (epic),Woolly Rhino,
1/22/2020 6:38:39,Grezlin ,DracoHunter,Carbo (turtle),Blue,Argentino
1/22/2020 6:39:37,GhostCat,ApexPredators,Diplod,Woolly Mammoth,Titanoboa (epic)
1/22/2020 6:41:31,PQC / miniPQC,ApexPredators,Woolly Mammoth,Anky,Titanoboa (epic)
1/22/2020 6:47:59,Jensatheman,The Land Down Under,Brachi,Sino,TRex
1/22/2020 7:05:07,Destroyer43,The Land Down Under,Irri,Argentino,Diplod
1/22/2020 7:23:15,Shinsousama,ApexPredators,Grypo,Grypo,Diplod
1/22/2020 7:27:55,Mewtwokilla ,trykoCarnage,Raja,Diplod,Brachi
1/22/2020 7:38:28,NC0gnit0,trykoCarnage,Pteranodon,Brachi,Anky
1/22/2020 7:46:57,Pterovexuz,trykoCarnage,Blue,Marsupial Lion,Marsupial Lion
1/22/2020 8:09:22,TheShrimps ,T Wreckz,Carbo (turtle),Kentro,Quetz
1/22/2020 8:15:02,Celticdragon ,trykoCarnage,Grypo,Grypo,Carbo (turtle)
1/22/2020 8:52:19,ADBOYS22,ApexPredators,Diplod,Blue,Carbo (turtle)
1/22/2020 9:25:46,Pek,DracoHunter,TRex,Anky,Sino
1/22/2020 9:44:23,Dinotris,The Land Down Under,Woolly Mammoth,Diplod,Titanoboa (epic)
1/22/2020 9:53:18,Damon,T Wreckz,Maia,Blue,Maia
1/22/2020 9:53:34,wassup077,DracoHunter,Titanoboa (epic),Woolly Mammoth,Diplod
1/22/2020 9:54:28,ConnorsaurusRex,DracoHunter,Erlik g2 (rare),Titanoboa (epic),Allo g2 (epic)
1/22/2020 10:16:02,PixieChic,DracoHunter,Argentino,Sino,
1/22/2020 10:17:19,Sonofagun,trykoCarnage,Grypo,Carbo (turtle),
1/22/2020 10:21:29,Aaravma,DracoHunter2,Woolly Mammoth,Carbo (turtle),Irri
1/22/2020 10:26:58,Black angel,trykoCarnage,Megaloceros (Deer),Woolly Rhino,TRex
1/22/2020 10:55:10,NickNick8784,T Wreckz,Raja,Irri,Titanoboa (epic)
1/22/2020 10:55:11,Marikadogsaver ,T Wreckz,Kentro,Titanoboa (epic),Elasmotherium (rhino)
1/22/2020 10:57:01,G4A,DracoHunter,Dime,Allo g2 (epic),Sino
1/22/2020 11:02:57,Helen13,T Wreckz,Quetz,Argentino,Echo
1/22/2020 11:07:51,Juggajo1987,T Wreckz,Woolly Mammoth,Carbo (turtle),Megaloceros (Deer)
1/22/2020 11:13:32,Fleche85,T Wreckz,Erlik (epic),Echo,Maia
1/22/2020 11:21:41,chreden,trykoCarnage,Dime,TRex,Grypo
1/22/2020 12:00:38,Katt1805,The Land Down Under,Quetz,Argentino,Maia
1/22/2020 12:22:49,Artaios07 ,T Wreckz,Argentino,Elasmotherium (rhino),
1/22/2020 12:39:18,Rainbowslide ,ApexPredators,Blue,Brachi,Echo
1/22/2020 13:18:59,Enrybkram,trykoCarnage,Irri,Sino,TRex
1/22/2020 13:50:57,Allinpatrick1,T Wreckz,Quetz,Quetz,Erlik (epic)
1/22/2020 15:01:10,Noz314,The Land Down Under,Blue,Titanoboa (epic),Irri
1/22/2020 16:12:56,Slide2 ,ApexPredators,Argentino,Argentino,Argentino
1/22/2020 18:13:58,Angel16 ,ApexPredators,Diplod,Woolly Mammoth,Titanoboa (epic)
1/22/2020 18:59:40,ornitholestes,trykoCarnage,Diplod,Woolly Mammoth,Allo g2 (epic)
1/22/2020 19:25:06,SteadyGame,DracoHunter,Diplod,Arambo,Grypo
1/22/2020 19:27:18,UCantBeatMe,DracoHunter2,Dime,Arambo,Grypo
1/22/2020 19:28:45,ConnorsaurusRex ,DracoHunter,Dime,Irri,TRex g2
1/22/2020 19:29:38,Wendiceritops ,DracoHunter,Dime,Irri,TRex g2
1/22/2020 19:30:19,Volcanodon ,DracoHunter,Dime,Irri,TRex g2
1/22/2020 19:30:59,IcanBeatU ,DracoHunter2,Dime,Irri,TRex g2
1/22/2020 19:48:11,Smiley,DracoHunter,Irri,Sino,Titanoboa (epic)
1/22/2020 19:55:29,DivaDinoDestroy ,DracoHunter,Erlik (epic),Proceratosaurus,TRex
1/22/2020 20:17:10,Jrey7499,trykoCarnage,Kentro,Anky,Brachi
1/22/2020 20:32:57,ChaosControl84,trykoCarnage,Brachi,Argentino,Grypo
1/22/2020 20:48:52,JonTTH8998,JWA SG,Titanoboa (epic),Woolly Mammoth,Diplod
1/22/2020 21:54:58,Dana,T Wreckz,Dime,Quetz,Draco (rare)
1/22/2020 21:57:10,JUNHAO,DracoHunter,Erlik (epic),Anky,TRex
1/22/2020 22:36:35,Foxon8,DracoHunter,Elasmotherium (rhino),Irri,Brachi
1/22/2020 22:37:04,Samguy78,ApexPredators,Diplod,Grypo,Woolly Mammoth
1/22/2020 22:41:44,Foxon88,DracoHunter,Grypo,Brachi,Blue
1/22/2020 23:10:32,Madtrader,T Wreckz,Carbo (turtle),Woolly Mammoth,Irri
1/22/2020 23:13:10,Pkpikaypeekay,JWA SG,Carbo (turtle),Echo,Grypo
1/23/2020 6:10:34,Nightfall,trykoCarnage,Allo g2 (epic),Allo g2 (epic),Allo g2 (epic)
1/23/2020 9:29:28,Kave,T Wreckz,Woolly Mammoth,Woolly Rhino,Woolly Mammoth
1/23/2020 10:15:53,ScreechingQuest1,T Wreckz,Anky,Maia,Woolly Rhino
1/23/2020 16:05:45,Strikeforce007,trykoCarnage,Puru,Raja,Blue
1/23/2020 16:18:52,Promo,DracoHunter2,Spino (rare),Brachi,Blue
1/23/2020 16:44:15,Indiradm,DracoHunter,Blue,Brachi,Maia
1/23/2020 21:19:30,Haydz.2147,The Land Down Under,Titanoboa (epic),Woolly Rhino,Anky
1/24/2020 14:55:55,Practicekat,ApexPredators,Woolly Mammoth,Entelodon (pig),Elasmotherium (rhino)
1/25/2020 10:17:41,Lerzolite,ApexPredators,Titanoboa (epic),Woolly Mammoth,TRex
1/25/2020 12:57:28,FungusHungus,The Land Down Under,Grypo,Irri,Anky
1/25/2020 15:29:27,afbakappeltaart,ApexPredators,Carbo (turtle),Diplod,Grypo
1/26/2020 5:19:59,Rollingbeam3032 ,JWA SG,Erlik (epic),TRex,Quetz
1/26/2020 5:21:13,Luckygod91 ,JWA SG,Sino,Anky,TRex
1/26/2020 5:23:01,Pkpikaypeekay,JWA SG,Carbo (turtle),Grypo,Echo
1/26/2020 5:49:08,P2P,JWA SG,Irri,Woolly Mammoth,Brachi
1/26/2020 7:19:12,MilkBao,JWA SG,Anky,Blue,Brachi
1/26/2020 10:55:27,Unknown,ApexPredators,Diplod,Carbo (turtle),Brachi
1/27/2020 8:41:52,Gabotion,ApexPredators,Dsunga,Maia,Allo g2 (epic)
1/28/2020 13:16:06,Rainbowslide ,ApexPredators,Blue,Brachi,Echo
1/28/2020 13:16:59,RainbowSlide2,ApexPredators,Argentino,Argentino,Argentino
1/28/2020 14:57:53,Elbeato,ApexPredators,Pyro,Pyro,Pyro
1/28/2020 16:54:26,DrNizam,ApexPredators,Allo g2 (epic),Allo g2 (epic),Allo g2 (epic)
1/28/2020 20:37:15,KingD,ApexPredators,Woolly Mammoth,Woolly Mammoth,Elasmotherium (rhino)
1/29/2020 0:55:19,iambgman,ApexPredators,Maia,Maia,Carbo (turtle)
1/30/2020 0:15:56,Lslee22 ,ApexPredators,Maia,Maia,Woolly Mammoth
1/30/2020 10:06:21,Mikey,trykoCarnage,Argentino,Carbo (turtle),Grypo
1/30/2020 10:14:54,Vinyard,trykoCarnage,Anky,Anky,Brachi
1/30/2020 10:15:34,goatboy1970,trykoCarnage,Quetz,Echo,Argentino
1/30/2020 10:16:23,Bransontx,trykoCarnage,Irri,Sino,Erlik g2 (rare)
1/30/2020 10:34:44,Smiley,DracoHunter,Grypo,Maia,Titanoboa (epic)
1/30/2020 10:37:34,Strikeforce007,trykoCarnage,Puru,Wuerho,Blue
1/30/2020 10:42:35,TheShrimps ,T Wreckz,Carbo (turtle),Quetz,Diplod
1/30/2020 10:43:58,Damon,T Wreckz,Maia,Maia,Blue
1/30/2020 10:50:37,mik2999,trykoCarnage,Diplod,Woolly Mammoth,Pachy
1/30/2020 10:57:10,Kave,T Wreckz,Woolly Rhino,Woolly Rhino,Woolly Rhino
1/30/2020 11:03:53,CrispyExpert,T Wreckz,Argentino,Blue,Titanoboa (epic)
1/30/2020 12:19:47,Pterovexuz,trykoCarnage,Grypo,Grypo,Maia
1/30/2020 12:44:47,Allinpatrick1,T Wreckz,Quetz,Quetz,Anky
1/30/2020 12:52:27,Fuffa ,The Land Down Under,Koola g2 (rare),Mono,Ornithomimus
1/30/2020 13:02:47,MaskedIntruder,trykoCarnage,Brachi,Erlik (epic),Anky
1/30/2020 13:42:05,Locke311,trykoCarnage,Quetz,Argentino,Brachi
1/30/2020 14:07:01,arugono,JWA SG,Carbo (turtle),Grypo,Diplod
1/30/2020 14:11:01,GentryDyson,DracoHunter,Blue,Blue,Woolly Mammoth
1/30/2020 14:11:29,GentryGent,DracoHunter,Woolly Mammoth,Woolly Mammoth,Blue
1/30/2020 14:14:03,Indiradm,DracoHunter2,Blue,Kentro,Maia
1/30/2020 14:27:41,Cronista ,JWA SG,Blue,Maia,TRex g2
1/30/2020 14:59:18,G4A,DracoHunter2,Allo g2 (epic),Dime,Irri
1/30/2020 16:24:53,Explodo and Finn ,DracoHunter,Quetz,Maia,Blue
1/30/2020 18:37:53,P2P,JWA SG,Irri,Blue,Maia
1/30/2020 20:45:36,cloudatlas,JWA SG,Brachi,Blue,Woolly Rhino
1/30/2020 21:56:54,Raspo42,trykoCarnage,Carbo (turtle),Argentino,Diplod
1/30/2020 22:35:37,Azazel,T Wreckz,Pyro,Secodonto,Argentino
1/30/2020 23:13:29,Freaksuresh123 ,T Wreckz,Woolly Rhino,Woolly Mammoth,Dime
1/30/2020 23:45:21,Princess consuela ,DracoHunter2,Sino,Blue,Erlik (epic)
1/31/2020 0:25:30,Velociraptor,trykoCarnage,Allo g2 (epic),Allo g2 (epic),Allo g2 (epic)
1/31/2020 4:58:12,Lboyd,DracoHunter,Tuo,Raja,Bary g2 (rare)
1/31/2020 4:58:47,Bkboyd,DracoHunter,Bary g2 (rare),Argentino,Ourano
1/31/2020 5:31:44,Dinodude,T Wreckz,Maia,Blue,Echo
1/31/2020 7:43:36,C0MMAND,JWA SG,TRex,Irri,Ourano
1/31/2020 10:14:48,Pterovexuz,trykoCarnage,Marsupial Lion,Marsupial Lion,Marsupial Lion
1/31/2020 17:54:29,JUNHAO,DracoHunter,Anky,Kentro,TRex
1/31/2020 19:08:19,Alslayer,trykoCarnage,Quetz,Blue,Brachi
1/31/2020 21:50:41,Velociraptor,trykoCarnage,Allo g2 (epic),Erlik (epic),Erlik (epic)
1/31/2020 23:31:34,Kelvin,Malaysia,Diplod,Grypo,Carbo (turtle)
2/1/2020 9:03:19,ornitholestes,trykoCarnage,Diplod,Woolly Mammoth,Titanoboa (epic)
2/6/2020 13:36:09,Testing,ApexPredators,Diplod,Diplod,Diplod
2/12/2020 16:10:01,Julius,JWA SG,Blue,Diplod,Irri
2/12/2020 16:12:23,arugono,JWA SG,Grypo,Carbo (turtle),Diplod
2/12/2020 16:12:24,P2P,JWA SG,Blue,Carbo (turtle),Woolly Mammoth
2/12/2020 16:15:32,Alhabsyee,JWA SG,Carbo (turtle),Titanoboa (epic),Woolly Rhino
2/12/2020 16:18:49,Grezlin ,DracoHunter,Carbo (turtle),Brachi,Blue
2/12/2020 16:18:50,Kelvin ,Malaysia,Quetz,Titanoboa (epic),Grypo
2/12/2020 16:20:12,Enshinmaz,Malaysia,Diplod,Woolly Mammoth,Maia
2/12/2020 16:28:33,Jyong1104,Malaysia,Erlik (epic),TRex,Argentino
2/12/2020 16:30:00,RememberTYaj,DracoHunter,Diplod,Brachi,Blue
2/12/2020 16:33:44,Bkboyd ,DracoHunter,Erlik g2 (rare),Bary g2 (rare),Kentro
2/12/2020 16:35:21,Rossella,JWA SG,Quetz,Irri,Argentino
2/12/2020 16:35:57,Kenny54088,DracoHunter,Echo,Allo g2 (epic),Sino
2/12/2020 16:38:45,Alvinnghl,JWA SG,Diplod,Arambo,Titanoboa (epic)
2/12/2020 16:40:12,Waaigirl,DracoHunter,Titanoboa (epic),Echo,Blue
2/12/2020 16:40:19,Koh ,Malaysia,Irri,Irri,Raja
2/12/2020 16:41:59,WaaiWaai,DracoHunter2,Proceratosaurus,Sino,Dime
2/12/2020 16:43:14,Indiradm,DracoHunter,Titanoboa (epic),Blue,Brachi
2/12/2020 16:43:31,GentryDyson,DracoHunter,Irri,Kentro,Irri
2/12/2020 16:44:04,GentryGent,DracoHunter,Irri,Kentro,Irri
2/12/2020 16:46:12,Scubasteve ,The Land Down Under,Argentino,Brachi,Argentino
2/12/2020 16:46:50,MementoMori,ApexPredators,Diplod,Grypo,Titanoboa (epic)
2/12/2020 16:47:40,Tardpep,JWA SG,Argentino,Sino,TRex g2
2/12/2020 16:53:46,Bobolo8888,Malaysia,Irri,Quetz,Blue
2/12/2020 16:54:42,MilkBao,JWA SG,Bary g2 (rare),Kentro,Anky
2/12/2020 17:02:07,Costa ,DracoHunter2,Carbo (turtle),Sino,Quetz
2/12/2020 17:07:30,Bloodystalk,Malaysia,Grypo,Carbo (turtle),Brachi
2/12/2020 17:12:47,Jake,DracoHunter,Titanoboa (epic),Woolly Mammoth,Carbo (turtle)
2/12/2020 17:19:04,Hunter,Malaysia,Erlik (epic),TRex,Echo
2/12/2020 17:19:28,BAYONETTEWORK,ApexPredators,Argentino,Blue,Titanoboa (epic)
2/12/2020 17:21:31,FernandoR,The Land Down Under,Kentro,Argentino,Quetz
2/12/2020 17:37:38,Jannie105,The Land Down Under,Anky,Kentro,Nasuto
2/12/2020 17:53:22,Gabotion,ApexPredators,Dsunga,Allo g2 (epic),Allo g2 (epic)
2/12/2020 18:13:10,Lboyd,DracoHunter,Bary g2 (rare),Bary g2 (rare),Raja
2/12/2020 18:28:04,Lslee22 ,ApexPredators,Maia,Maia,Woolly Mammoth
2/12/2020 18:34:52,DrNizam,ApexPredators,Allo g2 (epic),Allo g2 (epic),Allo g2 (epic)
2/12/2020 18:58:53,Oche24,trykoCarnage,Kentro,Kentro,Kentro
2/12/2020 18:59:40,KhanTheWise ,JWA SG,Secodonto,Ourano,Brachi
2/12/2020 19:05:00,Piranha,trykoCarnage,Quetz,Quetz,Quetz
2/12/2020 19:05:04,scottemc,trykoCarnage,Carbo (turtle),Titanoboa (epic),Raja
2/12/2020 19:05:19,enrybkram,trykoCarnage,Sino,Irri,Dime
2/12/2020 19:06:06,tnchsg,Malaysia,Blue,Brachi,Argentino
2/12/2020 19:06:31,Sky ,JWA SG,Tenonto,TRex g2,Spino (rare)
2/12/2020 19:06:43,Mikey,trykoCarnage,Dime,Dime,Dime
2/12/2020 19:08:56,Katt1805,The Land Down Under,Argentino,Brachi,Titanoboa (epic)
2/12/2020 19:09:20,Velociraptor,trykoCarnage,Kentro,Anky,Brachi
2/12/2020 19:10:04,Swa,DracoHunter,Brachi,Brachi,Brachi
2/12/2020 19:10:42,Chicken ,DracoHunter2,Irri,Irri,Irri
2/12/2020 19:17:13,Kezzaah,The Land Down Under,TRex,Kentro,Anky
2/12/2020 19:19:22,Formulaq,JWA SG,Woolly Mammoth,Titanoboa (epic),Erlik (epic)
2/12/2020 19:23:20,Lucas,Malaysia,Grypo,Blue,Quetz
2/12/2020 19:25:13,Jrey7499,trykoCarnage,Kentro,Anky,TRex
2/12/2020 19:39:07,BD,ApexPredators,Allo g2 (epic),Titanoboa (epic),Diplod
2/12/2020 19:39:49,goatboy1970,trykoCarnage,Quetz,Echo,TRex g2
2/12/2020 19:40:18,wassup077,DracoHunter,Diplod,Titanoboa (epic),Woolly Mammoth
2/12/2020 19:41:00,TW,ApexPredators,Titanoboa (epic),Diplod,Titanoboa (epic)
2/12/2020 19:45:10,Alslayer,trykoCarnage,Blue,Echo,Kentro
2/12/2020 19:50:04,Strikeforce007,trykoCarnage,Puru,Puru,Puru
2/12/2020 19:56:11,KingDreadnaughtAgain,ApexPredators,Titanoboa (epic),Titanoboa (epic),Woolly Mammoth
2/12/2020 20:08:57,Pterovexuz,trykoCarnage,Grypo,Grypo,Titanoboa (epic)
2/12/2020 20:17:15,SaurLoser,The Land Down Under,Pachy,Diplod,Titanoboa (epic)
2/12/2020 20:18:58,Spicarona,DracoHunter,Irri,Bary g2 (rare),Wuerho
2/12/2020 20:20:24,SpicaDeneb,DracoHunter2,Irri,Wuerho,Darwin
2/12/2020 20:22:53,Locke311,trykoCarnage,Quetz,Woolly Rhino,Titanoboa (epic)
2/12/2020 20:25:21,BillySaurus,Malaysia,Diplod,Titanoboa (epic),Woolly Rhino
2/12/2020 20:27:01,trykoCarnsge,trykoCarnage,Diplod,Diplod,
2/12/2020 20:38:25,Eastlibra,JWA SG,Pachy,Maia,Brachi
2/12/2020 21:04:50,DaisyRex,The Land Down Under,Argentino,Kentro,Irri
2/12/2020 21:16:51,Celticdragon,trykoCarnage,Grypo,Carbo (turtle),Pteranodon
2/12/2020 22:00:08,Jensatheman,The Land Down Under,Argentino,Brachi,Erlik (epic)
2/12/2020 22:00:09,Temerity,ApexPredators,Diplod,Diplod,Diplod
2/12/2020 22:01:08,Temistocles,trykoCarnage,Baja,Baja,Baja
2/12/2020 22:09:28,Pepito97490,The Land Down Under,Titanoboa (epic),Anky,Sino
2/12/2020 22:39:59,MaskedIntruder,trykoCarnage,Blue,Anky,Titanoboa (epic)
2/12/2020 22:52:20,LancashireHotpot,DracoHunter,Diplod,Argentino,Pachy
2/12/2020 22:55:50,Esoil,Malaysia,Maia,Anky,Brachi
2/12/2020 23:15:34,Nightfall,trykoCarnage,Allo g2 (epic),Allo g2 (epic),Allo g2 (epic)
2/12/2020 23:16:01,Explodo and Finn ,DracoHunter,Diplod,Brachi,Blue
2/13/2020 0:16:35,C0MMAND,JWA SG,Brachi,Kentro,Ourano
2/13/2020 0:18:30,Zhen,JWA SG,Brachi,Titanoboa (epic),Blue
2/13/2020 0:19:09,zachzach,JWA SG,Carbo (turtle),Titanoboa (epic),Sino
2/13/2020 0:34:57,Wolf,T Wreckz,Blue,TRex,Echo
2/13/2020 0:53:23,Raspo42,trykoCarnage,Diplod,Carbo (turtle),Irri
2/13/2020 0:55:58,Mailwoman,T Wreckz,Anky,Irri,Diplod
2/13/2020 0:56:22,Mariotijn,T Wreckz,Kentro,Anky,Blue
2/13/2020 1:00:28,Birdie2Birdie ,JWA SG,Titanoboa (epic),Carbo (turtle),Titanoboa g2 (rare)
2/13/2020 1:04:47,Julio ,T Wreckz,Spino (rare),TRex,Titanoboa (epic)
2/13/2020 1:04:52,CrisppyExpert,T Wreckz,Blue,Titanoboa (epic),Maia
2/13/2020 1:08:23,Azazel,T Wreckz,Diplod,Argentino,Carbo (turtle)
2/13/2020 1:09:49,Juggajo1987,T Wreckz,Baja,Raja,Entelodon (pig)
2/13/2020 1:19:17,Screechingquest1 ,T Wreckz,Titanoboa (epic),Woolly Rhino,Argentino
2/13/2020 1:39:31,Thomas Ranery,T Wreckz,TRex g2,Echo,Ornithomimus
2/13/2020 1:46:19,Allinpatrick1 ,T Wreckz,Irri,Irri,Anky
2/13/2020 1:46:20,JonTTH8998,JWA SG,Quetz,Argentino,Brachi
2/13/2020 1:53:19,Fleche85,T Wreckz,Echo,Erlik (epic),Maia
2/13/2020 2:03:00,werdnA8789,The Land Down Under,Titanoboa (epic),Argentino,Irri
2/13/2020 2:16:59,Sonofagun,trykoCarnage,Grypo,Carbo (turtle),
2/13/2020 2:26:49,Damon,T Wreckz,Maia,Maia,Maia
2/13/2020 2:34:14,Bunnyy27 ,T Wreckz,TRex,Sino,Anky
2/13/2020 2:43:16,Dana,T Wreckz,Quetz,Dime,Tenonto
2/13/2020 2:47:06,Sasorix ,T Wreckz,Diplod,Irri,Brachi
2/13/2020 3:19:12,Mrgale,DracoHunter,Titanoboa (epic),Quetz,Brachi
2/13/2020 4:10:42,G4A,DracoHunter2,Allo g2 (epic),Irri,Dime
2/13/2020 4:32:49,Blue,T Wreckz,Quetz,Quetz,Quetz
2/13/2020 4:43:29,Sansiro,trykoCarnage,Diplod,Grypo,Carbo (turtle)
2/13/2020 4:47:10,Ivy,T Wreckz,Argentino,TRex,Quetz
2/13/2020 5:40:32,cloudatlas,JWA SG,Brachi,Blue,TRex
2/13/2020 6:01:32,Kave,T Wreckz,Titanoboa (epic),Woolly Rhino,Titanoboa (epic)
2/13/2020 6:08:06,Saghura,T Wreckz,Diplod,Diplod,Woolly Rhino
2/13/2020 7:01:23,DianaSweety,ApexPredators,Allo g2 (epic),Titanoboa (epic),Diplod
2/13/2020 7:08:34,NickNick8784 ,T Wreckz,Maia,Maia,Brachi
2/13/2020 7:21:13,Unknown,ApexPredators,Diplod,Brachi,Carbo (turtle)
2/13/2020 7:25:32,Mewtwokilla ,trykoCarnage,Raja,Diplod,Raja
2/13/2020 7:29:11,Dinodude,T Wreckz,Echo,Blue,Maia
2/13/2020 7:30:26,CT3030,DracoHunter,Titanoboa (epic),Allo g2 (epic),Grypo
2/13/2020 7:31:13,CT303030,DracoHunter,Irri,TRex,Quetz
2/13/2020 7:32:09,Zannyyy,DracoHunter,Irri,Blue,Titanoboa (epic)
2/13/2020 7:35:01,Cayden,DracoHunter,Titanoboa (epic),Titanoboa (epic),Titanoboa (epic)
2/13/2020 7:53:05,Formannj,trykoCarnage,Diplod,Grypo,Titanoboa (epic)
2/13/2020 8:34:02,Princessconsuela ,DracoHunter2,Sino,Erlik (epic),Maia
2/13/2020 8:38:45,Bransontx ,trykoCarnage,Irri,Sino,TRex
2/13/2020 8:49:09,Tish,T Wreckz,Sino,Anky,Kentro
2/13/2020 9:21:43,Practicekat,ApexPredators,Woolly Mammoth,Titanoboa (epic),Allo g2 (epic)
2/13/2020 9:22:37,GhostCat,ApexPredators,Diplod,Diplod,Woolly Mammoth
2/13/2020 9:48:36,BigMalley ,T Wreckz,Echo,Proceratosaurus,Titanoboa (epic)
2/13/2020 9:58:30,Rainbowslide ,ApexPredators,Blue,Brachi,Echo
2/13/2020 9:56:49,Dinotris,The Land Down Under,Titanoboa (epic),Diplod,Anky
2/13/2020 10:00:18,RainbowSlide2,ApexPredators,Argentino,Irri,
2/13/2020 10:00:21,NC0gnit0,trykoCarnage,Pteranodon,Kentro,Brachi
2/13/2020 10:57:44,Pokaless,T Wreckz,Woolly Rhino,Pyro,Titanoboa (epic)
2/13/2020 10:59:07,Pokaless,T Wreckz,Woolly Rhino,Pyro,Titanoboa (epic)
2/13/2020 10:59:12,Pokaless,T Wreckz,Woolly Rhino,Pyro,Titanoboa (epic)
2/13/2020 15:34:19,chreden,trykoCarnage,Grypo,Erlik (epic),Dime
2/13/2020 15:50:47,Vinyard,trykoCarnage,Brachi,Anky,Blue
2/13/2020 15:56:24,RapNess,DracoHunter,Argentino,Quetz,Irri
2/13/2020 16:40:11,PixieChic,DracoHunter,Sino,Erlik (epic),Echo
2/13/2020 16:48:55,Lslee22 ,ApexPredators,Maia,Maia,Woolly Mammoth
2/13/2020 17:20:37,ErnestAlfred,JWA SG,Titanoboa (epic),Anky,Argentino
2/13/2020 17:55:52,ConnorsaurusRex ,DracoHunter,Dime,Irri,Blue
2/13/2020 17:56:41,Wendiceritops ,DracoHunter,Dime,Echo,Irri
2/13/2020 17:57:41,Volcanodon ,DracoHunter,Dime,Blue,Echo
2/13/2020 17:58:39,IcanBeatU ,DracoHunter,Dime,Argentino,Echo
2/13/2020 18:04:32,Promo,DracoHunter2,Titanoboa (epic),Spino (rare),Blue
2/13/2020 18:20:21,Samguy78,ApexPredators,Diplod,Titanoboa (epic),Grypo
2/13/2020 18:30:01,DivaDinoDestroy ,DracoHunter,Sino,Erlik (epic),TRex
2/13/2020 19:06:54,Jay,ApexPredators,Maia,Brachi,Blue
2/13/2020 19:13:22,StoneCutter,trykoCarnage,Brachi,Quetz,Titanoboa (epic)
2/13/2020 19:41:44,Foxon8,DracoHunter,Titanoboa (epic),Brachi,Irri
2/13/2020 19:43:30,Foxon88,DracoHunter,Irri,Titanoboa (epic),Woolly Rhino
2/13/2020 20:07:56,FoxFoo,trykoCarnage,Brachi,Blue,Titanoboa (epic)
2/13/2020 20:12:22,Emmasews,DracoHunter,Quetz,Bary g2 (rare),TRex
2/13/2020 20:22:59,Burg2002,trykoCarnage,Blue,Woolly Rhino,Quetz
2/13/2020 20:38:44,Piranha,trykoCarnage,Blue,Blue,Blue
2/13/2020 20:51:46,Nikokeglen,DracoHunter,Irri,Dime,Bary g2 (rare)
2/13/2020 21:56:36,Lukas2012,DracoHunter,Kentro,TRex,Pyro
2/13/2020 21:58:51,JUNHAO ,DracoHunter,Pyro,Kentro,Anky
2/13/2020 22:01:26,FungusHungus,The Land Down Under,Titanoboa (epic),Diplod,Irri
2/13/2020 22:03:45,Malsobrother ,T Wreckz,Irri,Anky,Erlik (epic)
2/13/2020 22:04:58,KaneoheKane ,T Wreckz,Quetz,Erlik (epic),Irri
2/13/2020 22:11:03,TheShrimps ,T Wreckz,Titanoboa (epic),Quetz,Carbo (turtle)
2/13/2020 22:30:08,Smiley,DracoHunter,Grypo,Anky,Titanoboa (epic)
2/13/2020 23:02:04,ooohlbatard,T Wreckz,Blue,Blue,Blue
2/13/2020 23:02:34,TRas,trykoCarnage,Allo g2 (epic),Pyro,Quetz
2/13/2020 23:16:39,Fleche85,T Wreckz,Echo,Erlik (epic),Maia
2/14/2020 1:22:02,Wolf,T Wreckz,Blue,Sino,TRex
2/14/2020 2:04:26,Skyneus,JWA SG,Utahraptor,Erlik (epic),Erlik g2 (rare)
2/14/2020 2:12:30,Freaksuresh123 ,T Wreckz,Woolly Rhino,Titanoboa (epic),Dime
2/14/2020 3:38:56,Pek,DracoHunter,TRex,Anky,Sino
2/14/2020 4:07:05,Marikadogsaver ,T Wreckz,Titanoboa (epic),Anky,Kentro
2/14/2020 4:14:42,Helen13,T Wreckz,Quetz,Argentino,Echo
2/14/2020 5:26:21,iambgman,ApexPredators,Carbo (turtle),Woolly Mammoth,Woolly Mammoth
2/14/2020 6:28:59,StupendousMan,DracoHunter,TRex,Titanoboa (epic),Carbo (turtle)
2/14/2020 8:04:00,Lukas2012,DracoHunter,Pyro,Pyro,TRex
2/14/2020 8:06:47,JUNHAO,DracoHunter,Kentro,Anky,Blue
2/14/2020 9:55:02,Ornitholestes,trykoCarnage,Titanoboa (epic),Allo g2 (epic),Nasuto
2/14/2020 12:27:03,ChaosControl84 ,trykoCarnage,Brachi,Argentino,Diplod
2/15/2020 3:41:33,Allinpatrick1,T Wreckz,Anky,Anky,Woolly Rhino
2/15/2020 9:55:01,MiaoM ,trykoCarnage,Diplod,Carbo (turtle),Quetz
2/15/2020 9:59:06,Black angel ,trykoCarnage,Megaloceros (Deer),Anky,
2/15/2020 10:22:49,Destroyer43,ApexPredators,Titanoboa (epic),Irri,Diplod
2/15/2020 11:56:25,unreaImistake,trykoCarnage,Diplod,Diplod,Carbo (turtle)
2/15/2020 12:31:37,Frannylikesfigs,trykoCarnage,Irri,Diplod,Dime
2/15/2020 14:24:56,Wendy,T Wreckz,Anky,Anky,Woolly Rhino
2/15/2020 16:50:56,Xxbugster16xX ,trykoCarnage,Blue,Quetz,Blue
2/15/2020 17:56:02,Angel16,ApexPredators,Carbo (turtle),Titanoboa (epic),Woolly Mammoth
2/16/2020 4:57:07,Pluisje25,T Wreckz,Blue,TRex,Echo
2/16/2020 5:22:26,Professaurus ,trykoCarnage,Diplod,Brachi,Woolly Mammoth
2/16/2020 9:22:13,Candiedmosisaur,The Land Down Under,Charlie,Erlik (epic),Smilo
2/17/2020 6:25:55,Rome ,Malaysia,Quetz,Pteranodon,Blue
2/17/2020 6:41:23,Stone genmi,The Land Down Under,Titanoboa (epic),Titanoboa g2 (rare),Carbo (turtle)
2/17/2020 11:15:18,Sergio,ApexPredators,Brachi,Argentino,Diplod
2/17/2020 16:49:33,Cawl,ApexPredators,Diplod,Diplod,Diplod